create schema sharksysfunc;
set search_path to 'sharksysfunc';
CREATE TABLE students (
    id SERIAL PRIMARY KEY,
    name VARCHAR(100) NOT NULL,
    age INT DEFAULT 0,
    grade DECIMAL(5, 2)
);
NOTICE:  CREATE TABLE will create implicit sequence "students_id_seq" for serial column "students.id"
NOTICE:  CREATE TABLE / PRIMARY KEY will create implicit index "students_pkey" for table "students"
CREATE VIEW student_grades AS
SELECT name, grade
FROM students;
CREATE OR REPLACE FUNCTION calculate_total_grade()
RETURNS DECIMAL(10, 2) AS $$
DECLARE
    total_grade DECIMAL(10, 2) := 0;
BEGIN
    SELECT SUM(grade) INTO total_grade FROM students;
    RETURN total_grade;
END;
$$ LANGUAGE plpgsql;
CREATE OR REPLACE PROCEDURE insert_student(
    student_name VARCHAR(100),
    student_age INT,
    student_grade DECIMAL(5, 2)
) AS
BEGIN
    INSERT INTO students (name, age, grade) VALUES (student_name, student_age, student_grade);
END;
/
CREATE OR REPLACE FUNCTION update_total_grade()
RETURNS TRIGGER AS $$
BEGIN
    RAISE NOTICE 'Total grade updated: %', calculate_total_grade();
    RETURN NEW;
END;
$$ LANGUAGE plpgsql;
CREATE TRIGGER trigger_update_total_grade
AFTER INSERT OR UPDATE OR DELETE ON students
FOR EACH STATEMENT EXECUTE PROCEDURE update_total_grade();
CREATE TYPE test_type1 AS (a int, b text);
create table test_serial(c1 serial);
NOTICE:  CREATE TABLE will create implicit sequence "test_serial_c1_seq" for serial column "test_serial.c1"
create table check_table(c1 int, c2 int, CONSTRAINT constraint_name22 CHECK (c1 > 1));
select object_name(object_id('students', 'U'));
 object_name 
-------------
 students
(1 row)

select object_name(object_id('students_pkey', 'PK'));
  object_name  
---------------
 students_pkey
(1 row)

select object_name(object_id('student_grades', 'V'));
  object_name   
----------------
 student_grades
(1 row)

select object_name(object_id('calculate_total_grade', 'FN'));
      object_name      
-----------------------
 calculate_total_grade
(1 row)

select object_name(object_id('insert_student', 'P'));
  object_name   
----------------
 insert_student
(1 row)

select object_name(object_id('trigger_update_total_grade', 'TR'));
        object_name         
----------------------------
 trigger_update_total_grade
(1 row)

select object_name(object_id('sharksysfunc.students'));
 object_name 
-------------
 students
(1 row)

select object_name(object_id('contrib_regression.sharksysfunc.students'));
 object_name 
-------------
 students
(1 row)

select object_name(object_id('students', ''));
 object_name 
-------------
 
(1 row)

select object_name(object_id('students','s'));
 object_name 
-------------
 
(1 row)

select object_name(object_id('students','S'));
 object_name 
-------------
 
(1 row)

select object_name(object_id('students','u'));
 object_name 
-------------
 students
(1 row)

select object_name(object_id('students',' u'));
 object_name 
-------------
 
(1 row)

select object_name(object_id('students','v'));
 object_name 
-------------
 
(1 row)

select object_name(object_id('students','u '));
 object_name 
-------------
 students
(1 row)

select object_name(object_id('sys.objects'));
 object_name 
-------------
 objects
(1 row)

select object_name(object_id('test_type1'));
 object_name 
-------------
 test_type1
(1 row)

select object_name(object_id('test_serial'));
 object_name 
-------------
 test_serial
(1 row)

select object_name(object_id('test_serial_c1_seq'));
    object_name     
--------------------
 test_serial_c1_seq
(1 row)

select object_name(0);
 object_name 
-------------
 
(1 row)

select object_name(1);
 object_name 
-------------
 
(1 row)

select object_name(-1);
 object_name 
-------------
 
(1 row)

select object_name(888);
 object_name 
-------------
 cash_eq
(1 row)

-- cross database
DO $$
DECLARE
    database_oid oid;
	results nvarchar(128);
BEGIN
    SELECT oid INTO database_oid FROM pg_database WHERE datname = current_database();
    select object_name(object_id('students', 'U'), database_oid) into results;
	RAISE NOTICE 'results: %', results;
    select object_name(object_id('students_pkey', 'PK'), database_oid) into results;
	RAISE NOTICE 'results: %', results;
    select object_name(object_id('student_grades', 'V'), database_oid) into results;
    RAISE NOTICE 'results: %', results;
	select object_name(object_id('calculate_total_grade', 'FN'), database_oid) into results;
    RAISE NOTICE 'results: %', results;
	select object_name(object_id('insert_student', 'P'), database_oid) into results;
    RAISE NOTICE 'results: %', results;
	select object_name(object_id('trigger_update_total_grade', 'TR'), database_oid) into results;
	RAISE NOTICE 'results: %', results;
END $$;
NOTICE:  results: students
NOTICE:  results: students_pkey
NOTICE:  results: student_grades
NOTICE:  results: calculate_total_grade
NOTICE:  results: insert_student
NOTICE:  results: trigger_update_total_grade
select object_name(object_id('students_pkey', 'PK'), 11);
 object_name 
-------------
 
(1 row)

select object_name(object_id('student_grades', 'V'), 11);
 object_name 
-------------
 
(1 row)

select object_name(object_id('calculate_total_grade', 'FN'), 11);
 object_name 
-------------
 
(1 row)

select object_name(object_id('insert_student', 'P'), 11);
 object_name 
-------------
 
(1 row)

select object_name(object_id('trigger_update_total_grade', 'TR'), 11);
 object_name 
-------------
 
(1 row)

-- test input type
create table test_type_table_column_name
(
   int1_col tinyint,
   int2_col smallint,
   int4_col integer,
   int8_col bigint,
   float4_col float4,
   float8_col float8,
   numeric_col decimal(20, 6),
   bit1_col bit(1),
   boolean_col boolean,
   char_col char(100),
   varchar_col varchar(100), 
   nvarchar_col nvarchar(10),
   varbinary_col varbinary(100)
);
insert into test_type_table_column_name values (1, 1, 1, 1, 1, 1, 1, b'1', 1, 1, 1, 1, 1);
select 
    object_name(int1_col), 
	object_name(int2_col), 
	object_name(int4_col), 
	object_name(int8_col), 
	object_name(float4_col), 
	object_name(float8_col), 
	object_name(numeric_col), 
	object_name(bit1_col), 
	object_name(boolean_col),
	object_name(char_col), 
	object_name(varchar_col), 
	object_name(nvarchar_col), 
	object_name(varbinary_col)
from test_type_table_column_name;
 object_name | object_name | object_name | object_name | object_name | object_name | object_name | object_name | object_name | object_name | object_name | object_name | object_name 
-------------+-------------+-------------+-------------+-------------+-------------+-------------+-------------+-------------+-------------+-------------+-------------+-------------
             |             |             |             |             |             |             |             |             |             |             |             | 
(1 row)

-- sys.object_schema_name 函数
select object_schema_name(object_id('students', 'U'));
 object_schema_name 
--------------------
 sharksysfunc
(1 row)

select object_schema_name(object_id('students_pkey', 'PK'));
 object_schema_name 
--------------------
 sharksysfunc
(1 row)

select object_schema_name(object_id('student_grades', 'V'));
 object_schema_name 
--------------------
 sharksysfunc
(1 row)

select object_schema_name(object_id('calculate_total_grade', 'FN'));
 object_schema_name 
--------------------
 sharksysfunc
(1 row)

select object_schema_name(object_id('insert_student', 'P'));
 object_schema_name 
--------------------
 sharksysfunc
(1 row)

select object_schema_name(object_id('trigger_update_total_grade', 'TR'));
 object_schema_name 
--------------------
 sharksysfunc
(1 row)

select object_schema_name(object_id('sharksysfunc.students'));
 object_schema_name 
--------------------
 sharksysfunc
(1 row)

select object_schema_name(object_id('contrib_regression.sharksysfunc.students'));
 object_schema_name 
--------------------
 sharksysfunc
(1 row)

select object_schema_name(object_id('students', ''));
 object_schema_name 
--------------------
 
(1 row)

select object_schema_name(object_id('students','s'));
 object_schema_name 
--------------------
 
(1 row)

select object_schema_name(object_id('students','S'));
 object_schema_name 
--------------------
 
(1 row)

select object_schema_name(object_id('students','u'));
 object_schema_name 
--------------------
 sharksysfunc
(1 row)

select object_schema_name(object_id('students',' u'));
 object_schema_name 
--------------------
 
(1 row)

select object_schema_name(object_id('students','v'));
 object_schema_name 
--------------------
 
(1 row)

select object_schema_name(object_id('students','u '));
 object_schema_name 
--------------------
 sharksysfunc
(1 row)

select object_schema_name(object_id('sys.objects'));
 object_schema_name 
--------------------
 sys
(1 row)

select object_schema_name(0);
 object_schema_name 
--------------------
 
(1 row)

select object_schema_name(1);
 object_schema_name 
--------------------
 
(1 row)

select object_schema_name(-1);
 object_schema_name 
--------------------
 
(1 row)

select object_schema_name(888);
 object_schema_name 
--------------------
 pg_catalog
(1 row)

-- cross database
DO $$
DECLARE
    database_oid oid;
	results nvarchar(128);
BEGIN
    SELECT oid INTO database_oid FROM pg_database WHERE datname = current_database();
    select object_schema_name(object_id('students', 'U'), database_oid) into results;
	RAISE NOTICE 'results: %', results;
    select object_schema_name(object_id('students_pkey', 'PK'), database_oid) into results;
	RAISE NOTICE 'results: %', results;
    select object_schema_name(object_id('student_grades', 'V'), database_oid) into results;
    RAISE NOTICE 'results: %', results;
	select object_schema_name(object_id('calculate_total_grade', 'FN'), database_oid) into results;
    RAISE NOTICE 'results: %', results;
	select object_schema_name(object_id('insert_student', 'P'), database_oid) into results;
    RAISE NOTICE 'results: %', results;
	select object_schema_name(object_id('trigger_update_total_grade', 'TR'), database_oid) into results;
	RAISE NOTICE 'results: %', results;
END $$;
NOTICE:  results: sharksysfunc
NOTICE:  results: sharksysfunc
NOTICE:  results: sharksysfunc
NOTICE:  results: sharksysfunc
NOTICE:  results: sharksysfunc
NOTICE:  results: sharksysfunc
select object_schema_name(object_id('students_pkey', 'PK'), 11);
 object_schema_name 
--------------------
 
(1 row)

select object_schema_name(object_id('student_grades', 'V'), 11);
 object_schema_name 
--------------------
 
(1 row)

select object_schema_name(object_id('calculate_total_grade', 'FN'), 11);
 object_schema_name 
--------------------
 
(1 row)

select object_schema_name(object_id('insert_student', 'P'), 11);
 object_schema_name 
--------------------
 
(1 row)

select object_schema_name(object_id('trigger_update_total_grade', 'TR'), 11);
 object_schema_name 
--------------------
 
(1 row)

select 
    object_schema_name(int1_col), 
	object_schema_name(int2_col), 
	object_schema_name(int4_col), 
	object_schema_name(int8_col), 
	object_schema_name(float4_col), 
	object_schema_name(float8_col), 
	object_schema_name(numeric_col), 
	object_schema_name(bit1_col), 
	object_schema_name(boolean_col),
	object_schema_name(char_col), 
	object_schema_name(varchar_col), 
	object_schema_name(nvarchar_col), 
	object_schema_name(varbinary_col)
from test_type_table_column_name;
 object_schema_name | object_schema_name | object_schema_name | object_schema_name | object_schema_name | object_schema_name | object_schema_name | object_schema_name | object_schema_name | object_schema_name | object_schema_name | object_schema_name | object_schema_name 
--------------------+--------------------+--------------------+--------------------+--------------------+--------------------+--------------------+--------------------+--------------------+--------------------+--------------------+--------------------+--------------------
                    |                    |                    |                    |                    |                    |                    |                    |                    |                    |                    |                    | 
(1 row)

-- sys.object_definition 函数
select object_definition(object_id('students', 'U'));
 object_definition 
-------------------
 
(1 row)

select object_definition(object_id('students_pkey', 'PK'));
 object_definition 
-------------------
 
(1 row)

select object_definition(object_id('student_grades', 'V'));
                  object_definition                  
-----------------------------------------------------
 SELECT students.name, students.grade FROM students;
(1 row)

select object_definition(object_id('calculate_total_grade', 'FN'));
                        object_definition                        
-----------------------------------------------------------------
 CREATE OR REPLACE FUNCTION sharksysfunc.calculate_total_grade()+
  RETURNS numeric                                               +
  LANGUAGE plpgsql                                              +
  NOT FENCED NOT SHIPPABLE                                      +
 AS $function$                                                  +
 DECLARE                                                        +
     total_grade DECIMAL(10, 2) := 0;                           +
 BEGIN                                                          +
     SELECT SUM(grade) INTO total_grade FROM students;          +
     RETURN total_grade;                                        +
 END;                                                           +
 $function$;                                                    +
 
(1 row)

select object_definition(object_id('insert_student', 'P'));
                                       object_definition                                        
------------------------------------------------------------------------------------------------
 CREATE OR REPLACE PROCEDURE sharksysfunc.insert_student(                                      +
     student_name VARCHAR(100),                                                                +
     student_age INT,                                                                          +
     student_grade DECIMAL(5, 2)                                                               +
 )                                                                                             +
 AS  DECLARE BEGIN                                                                             +
     INSERT INTO students (name, age, grade) VALUES (student_name, student_age, student_grade);+
 END;                                                                                          +
 /                                                                                             +
 
(1 row)

select object_definition(object_id('trigger_update_total_grade', 'TR'));
                                                                object_definition                                                                 
--------------------------------------------------------------------------------------------------------------------------------------------------
 CREATE TRIGGER trigger_update_total_grade AFTER INSERT OR DELETE OR UPDATE ON students FOR EACH STATEMENT EXECUTE PROCEDURE update_total_grade()
(1 row)

select object_definition(object_id('sharksysfunc.students'));
 object_definition 
-------------------
 
(1 row)

select object_definition(object_id('contrib_regression.sharksysfunc.students'));
 object_definition 
-------------------
 
(1 row)

select object_definition(object_id('students', ''));
 object_definition 
-------------------
 
(1 row)

select object_definition(object_id('students','s'));
 object_definition 
-------------------
 
(1 row)

select object_definition(object_id('students','S'));
 object_definition 
-------------------
 
(1 row)

select object_definition(object_id('students','u'));
 object_definition 
-------------------
 
(1 row)

select object_definition(object_id('students',' u'));
 object_definition 
-------------------
 
(1 row)

select object_definition(object_id('students','v'));
 object_definition 
-------------------
 
(1 row)

select object_definition(object_id('students','u '));
 object_definition 
-------------------
 
(1 row)

select object_definition(object_id('sys.objects'));
                                                                                                                                                                                                                                                                                                                                                                                                                                                                                                                                                                                                                                                                                                                                                                                                                                                                                                                                                                                                                                                                                                                                                                                                                                                                                                                                                                                                                                                                                                                                                                                                                                                                                                                                                                                                                                                                                                                                                                                                                                                                                                                                                                                                                                                                                                                                                                                                                                                                                                                    object_definition                                                                                                                                                                                                                                                                                                                                                                                                                                                                                                                                                                                                                                                                                                                                                                                                                                                                                                                                                                                                                                                                                                                                                                                                                                                                                                                                                                                                                                                                                                                                                                                                                                                                                                                                                                                                                                                                                                                                                                                                                                                                                                                                                                                                                                                                                                                                                                                                                                                                                                                    
---------------------------------------------------------------------------------------------------------------------------------------------------------------------------------------------------------------------------------------------------------------------------------------------------------------------------------------------------------------------------------------------------------------------------------------------------------------------------------------------------------------------------------------------------------------------------------------------------------------------------------------------------------------------------------------------------------------------------------------------------------------------------------------------------------------------------------------------------------------------------------------------------------------------------------------------------------------------------------------------------------------------------------------------------------------------------------------------------------------------------------------------------------------------------------------------------------------------------------------------------------------------------------------------------------------------------------------------------------------------------------------------------------------------------------------------------------------------------------------------------------------------------------------------------------------------------------------------------------------------------------------------------------------------------------------------------------------------------------------------------------------------------------------------------------------------------------------------------------------------------------------------------------------------------------------------------------------------------------------------------------------------------------------------------------------------------------------------------------------------------------------------------------------------------------------------------------------------------------------------------------------------------------------------------------------------------------------------------------------------------------------------------------------------------------------------------------------------------------------------------------------------------------------------------------------------------------------------------------------------------------------------------------------------------------------------------------------------------------------------------------------------------------------------------------------------------------------------------------------------------------------------------------------------------------------------------------------------------------------------------------------------------------------------------------------------------------------------------------------------------------------------------------------------------------------------------------------------------------------------------------------------------------------------------------------------------------------------------------------------------------------------------------------------------------------------------------------------------------------------------------------------------------------------------------------------------------------------------------------------------------------------------------------------------------------------------------------------------------------------------------------------------------------------------------------------------------------------------------------------------------------------------------------------------------------------------------------------------------------------------------------------------------------------------------------------------------------------------------------------------------------------------------------------------------------------------------------------------------------------------------------------------------------------------------------------------------------------------------------------------------------------------------------------------------------------------------------------------------------------------------------------------------------------------------------------------------------------------------------------------------------------------------------------------------------------------------------------------------------------------------------------------------------------------------------------------------------------------------------------------------------------------------------------------------------------------------------------------------------------------------------------------------------------------------
 ((((((SELECT t.name, t.object_id, t.principal_id, t.schema_id, t.parent_object_id, t.type, t.type_desc, t.create_date, t.modify_date, t.is_ms_shipped, t.is_published, t.is_schema_published FROM tables t UNION ALL SELECT c.relname AS name, c.oid AS object_id, CASE s.nspowner WHEN c.relowner THEN NULL::oid ELSE c.relowner END AS principal_id, s.oid AS schema_id, (0)::oid AS parent_object_id, 'SO'::character(2) AS type, 'SEQUENCE_OBJECT'::nvarchar2(60) AS type_desc, (o.ctime)::timestamp without time zone AS create_date, (o.mtime)::timestamp without time zone AS modify_date, (0)::bit(1) AS is_ms_shipped, (0)::bit(1) AS is_published, (0)::bit(1) AS is_schema_published FROM ((pg_class c JOIN pg_namespace s ON ((s.oid = c.relnamespace))) JOIN pg_object o ON ((o.object_oid = c.oid))) WHERE (((c.relkind = ANY (ARRAY['S'::"char", 'L'::"char", 'z'::"char", 'Z'::"char"])) AND (s.nspname <> ALL (ARRAY['information_schema'::name, 'pg_catalog'::name, 'sys'::name, 'information_schema_tsql'::name]))) AND has_table_privilege(c.oid, 'SELECT'::text))) UNION ALL SELECT v.name, v.object_id, v.principal_id, v.schema_id, v.parent_object_id, v.type, v.type_desc, v.create_date, v.modify_date, v.is_ms_shipped, v.is_published, v.is_schema_published FROM views v) UNION ALL SELECT p.name, p.object_id, p.principal_id, p.schema_id, p.parent_object_id, p.type, p.type_desc, p.create_date, p.modify_date, p.is_ms_shipped, p.is_published, p.is_schema_published FROM procedures p) UNION ALL SELECT con.conname AS name, con.oid AS object_id, NULL::oid AS principal_id, con.connamespace AS schema_id, con.conrelid AS parent_object_id, (CASE con.contype WHEN 'c'::"char" THEN 'C'::text WHEN 'p'::"char" THEN 'PK'::text WHEN 'u'::"char" THEN 'UQ'::text WHEN 'f'::"char" THEN 'F'::text ELSE NULL::text END)::character(2) AS type, (CASE con.contype WHEN 'c'::"char" THEN 'CHECK_CONSTRAINT'::text WHEN 'p'::"char" THEN 'PRIMARY_KEY_CONSTRAINT'::text WHEN 'u'::"char" THEN 'UNIQUE_CONSTRAINT'::text WHEN 'f'::"char" THEN 'FOREIGN_KEY_CONSTRAINT'::text ELSE NULL::text END)::nvarchar2(60) AS type_desc, NULL::timestamp without time zone AS create_date, NULL::timestamp without time zone AS modify_date, (0)::bit(1) AS is_ms_shipped, (0)::bit(1) AS is_published, (0)::bit(1) AS is_schema_published FROM ((pg_constraint con JOIN pg_class c ON ((c.oid = con.conrelid))) JOIN pg_namespace s ON ((s.oid = con.connamespace))) WHERE (((con.contype = ANY (ARRAY['c'::"char", 'p'::"char", 'u'::"char", 'f'::"char"])) AND has_table_privilege(c.oid, 'SELECT'::text)) AND (s.nspname <> ALL (ARRAY['information_schema'::name, 'pg_catalog'::name, 'sys'::name, 'information_schema_tsql'::name])))) UNION ALL SELECT tg.tgname AS name, tg.oid AS object_id, NULL::oid AS principal_id, c.relnamespace AS schema_id, tg.tgrelid AS parent_object_id, 'TR'::character(2) AS type, 'SQL DML trigger'::nvarchar2(60) AS type_desc, (o.ctime)::timestamp without time zone AS create_date, (o.mtime)::timestamp without time zone AS modify_date, (0)::bit(1) AS is_ms_shipped, (0)::bit(1) AS is_published, (0)::bit(1) AS is_schema_published FROM (((pg_trigger tg JOIN pg_class c ON ((c.oid = tg.tgrelid))) JOIN pg_namespace s ON ((s.oid = c.relnamespace))) JOIN pg_object o ON ((o.object_oid = tg.oid))) WHERE (has_table_privilege(c.oid, 'SELECT'::text) AND (s.nspname <> ALL (ARRAY['information_schema'::name, 'pg_catalog'::name, 'sys'::name, 'information_schema_tsql'::name])))) UNION ALL SELECT NULL::name AS name, ad.oid AS object_id, NULL::oid AS principal_id, c.relnamespace AS schema_id, ad.adrelid AS parent_object_id, 'D'::character(2) AS type, 'DEFAULT'::nvarchar2(60) AS type_desc, (o.ctime)::timestamp without time zone AS create_date, (o.mtime)::timestamp without time zone AS modify_date, (0)::bit(1) AS is_ms_shipped, (0)::bit(1) AS is_published, (0)::bit(1) AS is_schema_published FROM (((pg_attrdef ad JOIN pg_class c ON ((c.oid = ad.adrelid))) JOIN pg_namespace s ON ((s.oid = c.relnamespace))) JOIN pg_object o ON ((o.object_oid = ad.adrelid))) WHERE (has_table_privilege(c.oid, 'SELECT'::text) AND (s.nspname <> ALL (ARRAY['information_schema'::name, 'pg_catalog'::name, 'sys'::name, 'information_schema_tsql'::name])))) UNION ALL SELECT syn.synname AS name, syn.oid AS object_id, CASE s.nspowner WHEN syn.synowner THEN NULL::oid ELSE syn.synowner END AS principal_id, syn.synnamespace AS schema_id, (0)::oid AS parent_object_id, 'SN'::character(2) AS type, 'Synonym'::nvarchar2(60) AS type_desc, NULL::timestamp without time zone AS create_date, NULL::timestamp without time zone AS modify_date, (0)::bit(1) AS is_ms_shipped, (0)::bit(1) AS is_published, (0)::bit(1) AS is_schema_published FROM (pg_synonym syn JOIN pg_namespace s ON ((s.oid = syn.synnamespace))) WHERE (s.nspname <> ALL (ARRAY['information_schema'::name, 'pg_catalog'::name, 'sys'::name, 'information_schema_tsql'::name]));
(1 row)

select object_definition(object_id('constraint_name22'));
                               object_definition                                
--------------------------------------------------------------------------------
 ALTER TABLE ONLY check_table ADD CONSTRAINT constraint_name22 CHECK ((c1 > 1))
(1 row)

select object_definition(0);
 object_definition 
-------------------
 
(1 row)

select object_definition(1);
 object_definition 
-------------------
 
(1 row)

select object_definition(-1);
 object_definition 
-------------------
 
(1 row)

select object_definition(888);
                      object_definition                      
-------------------------------------------------------------
 CREATE OR REPLACE FUNCTION pg_catalog.cash_eq(money, money)+
  RETURNS boolean                                           +
  LANGUAGE internal                                         +
  IMMUTABLE STRICT LEAKPROOF NOT FENCED NOT SHIPPABLE       +
 AS $function$cash_eq$function$;                            +
 
(1 row)

select 
    object_definition(int1_col), 
	object_definition(int2_col), 
	object_definition(int4_col), 
	object_definition(int8_col), 
	object_definition(float4_col), 
	object_definition(float8_col), 
	object_definition(numeric_col), 
	object_definition(bit1_col), 
	object_definition(boolean_col),
	object_definition(char_col), 
	object_definition(varchar_col), 
	object_definition(nvarchar_col), 
	object_definition(varbinary_col)
from test_type_table_column_name;
 object_definition | object_definition | object_definition | object_definition | object_definition | object_definition | object_definition | object_definition | object_definition | object_definition | object_definition | object_definition | object_definition 
-------------------+-------------------+-------------------+-------------------+-------------------+-------------------+-------------------+-------------------+-------------------+-------------------+-------------------+-------------------+-------------------
                   |                   |                   |                   |                   |                   |                   |                   |                   |                   |                   |                   | 
(1 row)

-- sys.objectpropertyex
select objectpropertyex(object_id('students', 'U'), 'BaseType');
 objectpropertyex 
------------------
 U 
(1 row)

select objectpropertyex(object_id('students_pkey', 'PK'), 'BaseType');
 objectpropertyex 
------------------
 PK
(1 row)

select objectpropertyex(object_id('student_grades', 'V'), 'BaseType');
 objectpropertyex 
------------------
 V 
(1 row)

select objectpropertyex(object_id('calculate_total_grade', 'FN'), 'BaseType');
 objectpropertyex 
------------------
 FN
(1 row)

select objectpropertyex(object_id('insert_student', 'P'), 'BaseType');
 objectpropertyex 
------------------
 P 
(1 row)

select objectpropertyex(object_id('trigger_update_total_grade', 'TR'), 'BaseType');
 objectpropertyex 
------------------
 TR
(1 row)

select objectpropertyex(object_id('sharksysfunc.students'), 'BaseType');
 objectpropertyex 
------------------
 U 
(1 row)

select objectpropertyex(object_id('contrib_regression.sharksysfunc.students'), 'BaseType');
 objectpropertyex 
------------------
 U 
(1 row)

select objectpropertyex(object_id('students', ''), 'BaseType');
 objectpropertyex 
------------------
 
(1 row)

select objectpropertyex(object_id('students','s'), 'BaseType');
 objectpropertyex 
------------------
 
(1 row)

select objectpropertyex(object_id('students','S'), 'BaseType');
 objectpropertyex 
------------------
 
(1 row)

select objectpropertyex(object_id('students','u'), 'BaseType');
 objectpropertyex 
------------------
 U 
(1 row)

select objectpropertyex(object_id('students',' u'), 'BaseType');
 objectpropertyex 
------------------
 
(1 row)

select objectpropertyex(object_id('students','v'), 'BaseType');
 objectpropertyex 
------------------
 
(1 row)

select objectpropertyex(object_id('students','u '), 'BaseType');
 objectpropertyex 
------------------
 U 
(1 row)

select objectpropertyex(object_id('sys.objects'), 'BaseType');
 objectpropertyex 
------------------
 V 
(1 row)

select objectpropertyex(0, 'BaseType');
 objectpropertyex 
------------------
 
(1 row)

select objectpropertyex(1, 'BaseType');
 objectpropertyex 
------------------
 
(1 row)

select objectpropertyex(-1, 'BaseType');
 objectpropertyex 
------------------
 
(1 row)

select objectpropertyex(888, 'BaseType');
 objectpropertyex 
------------------
 FN
(1 row)

select objectpropertyex(object_id('students', 'U'), 'BASETYPE');
 objectpropertyex 
------------------
 U 
(1 row)

select objectpropertyex(object_id('students', 'U'), 'basetype');
 objectpropertyex 
------------------
 U 
(1 row)

select objectpropertyex(object_id('students', 'U'), 'BASETYPE       ');
 objectpropertyex 
------------------
 U 
(1 row)

select objectpropertyex(object_id('students', 'U'), 'BaseType');
 objectpropertyex 
------------------
 U 
(1 row)

select objectpropertyex(object_id('students', 'U'), 'BaseType');
 objectpropertyex 
------------------
 U 
(1 row)

select objectpropertyex(object_id('students', 'U'), 'amaoagou');
 objectpropertyex 
------------------
 
(1 row)

select objectpropertyex(NULL, 'BASETYPE');
 objectpropertyex 
------------------
 
(1 row)

select objectpropertyex(object_id('students', 'U'), NULL);
 objectpropertyex 
------------------
 
(1 row)

select 
    objectpropertyex(int1_col, 'BaseType'), 
	objectpropertyex(int2_col, 'BaseType'), 
	objectpropertyex(int4_col, 'BaseType'), 
	objectpropertyex(int8_col, 'BaseType'), 
	objectpropertyex(float4_col, 'BaseType'), 
	objectpropertyex(float8_col, 'BaseType'), 
	objectpropertyex(numeric_col, 'BaseType'), 
	objectpropertyex(bit1_col, 'BaseType'), 
	objectpropertyex(char_col, 'BaseType'), 
	objectpropertyex(varchar_col, 'BaseType'), 
	objectpropertyex(nvarchar_col,'BaseType'), 
	objectpropertyex(varbinary_col, 'BaseType')
from test_type_table_column_name;
 objectpropertyex | objectpropertyex | objectpropertyex | objectpropertyex | objectpropertyex | objectpropertyex | objectpropertyex | objectpropertyex | objectpropertyex | objectpropertyex | objectpropertyex | objectpropertyex 
------------------+------------------+------------------+------------------+------------------+------------------+------------------+------------------+------------------+------------------+------------------+------------------
                  |                  |                  |                  |                  |                  |                  |                  |                  |                  |                  | 
(1 row)

select 
    objectpropertyex(object_id('students', 'U'), int1_col), 
	objectpropertyex(object_id('students', 'U'), int2_col), 
	objectpropertyex(object_id('students', 'U'), int4_col), 
	objectpropertyex(object_id('students', 'U'), int8_col), 
	objectpropertyex(object_id('students', 'U'), float4_col), 
	objectpropertyex(object_id('students', 'U'), float8_col), 
	objectpropertyex(object_id('students', 'U'), numeric_col), 
	objectpropertyex(object_id('students', 'U'), bit1_col), 
	objectpropertyex(object_id('students', 'U'), char_col), 
	objectpropertyex(object_id('students', 'U'), varchar_col), 
	objectpropertyex(object_id('students', 'U'), nvarchar_col), 
	objectpropertyex(object_id('students', 'U'), varbinary_col)
from test_type_table_column_name;
 objectpropertyex | objectpropertyex | objectpropertyex | objectpropertyex | objectpropertyex | objectpropertyex | objectpropertyex | objectpropertyex | objectpropertyex | objectpropertyex | objectpropertyex | objectpropertyex 
------------------+------------------+------------------+------------------+------------------+------------------+------------------+------------------+------------------+------------------+------------------+------------------
                  |                  |                  |                  |                  |                  |                  |                  |                  |                  |                  | 
(1 row)

-- permission
create user u_no_permission identified by 'Test@123';
alter session set session authorization u_no_permission password 'Test@123';
select objectpropertyex(object_id('students', 'U'), 'BaseType');
 objectpropertyex 
------------------
 
(1 row)

RESET SESSION AUTHORIZATION;
drop user u_no_permission cascade;
drop TRIGGER trigger_update_total_grade;
drop view sharksysfunc.student_grades;
drop function if exists calculate_total_grade();
drop function if exists insert_student(character varying,integer,numeric);
drop function if exists update_total_grade();
drop type if exists test_type1;
drop table if exists test_serial;
drop table if exists test_type_table_column_name;
drop table if exists students;
drop table if exists check_table;
--  sys.col_length
CREATE TABLE col_length_t1(c1 VARCHAR(40), c2 NVARCHAR(40) );  
SELECT COL_LENGTH('col_length_t1','c1') AS 'VarChar',   COL_LENGTH('col_length_t1','c2') AS 'NVarChar';   --expect 40 80
 VarChar | NVarChar 
---------+----------
      40 |       80
(1 row)

CREATE TABLE col_length_t2(
    col_char CHAR(20),
    col_varchar VARCHAR(30),
    col_varbinary VARBINARY(40)
);
SELECT COL_LENGTH('col_length_t2', 'col_char');
 col_length 
------------
         20
(1 row)

SELECT COL_LENGTH('col_length_t2', 'col_varchar');
 col_length 
------------
         30
(1 row)

SELECT COL_LENGTH('col_length_t2', 'col_varbinary');
 col_length 
------------
         40
(1 row)

SELECT COL_LENGTH('sharksysfunc.col_length_t2', 'col_char');
 col_length 
------------
         20
(1 row)

SELECT COL_LENGTH('sharksysfunc.col_length_t2', 'col_varchar');
 col_length 
------------
         30
(1 row)

SELECT COL_LENGTH('sharksysfunc.col_length_t2', 'col_varbinary');
 col_length 
------------
         40
(1 row)

create table test_type_table_column_name
(
    int1_col tinyint,
    int2_col smallint,
    int4_col integer,
    int8_col bigint,
    float4_col float4,
    float8_col float8,
    numeric_col decimal(20, 6),
    bit1_col bit(1),
    datetime_col timestamp without time zone,
    smalldatetime_col smalldatetime,
    date_col date,
    time_col time,
    boolean_col boolean,
    char_col char(100),
    varchar_col varchar(100), 
    nvarchar_col nvarchar(10),
    varbinary_col varbinary(100),
    text_col text,
    col_char_10 CHAR(10),
    col_varchar_20 VARCHAR(20),
    col_varbinary_15 VARBINARY(15),
    col_nchar_8 NCHAR(8),
    col_nvarchar_16 NVARCHAR(16),
    col_sql_variant SQL_VARIANT,
    col_varcharmax VARCHAR(255),
    col_nvarcharmax NVARCHAR(255),
    col_varbinarymax VARBINARY(255),
    col_bit BIT,
    col_decimal_1 DECIMAL(10,5),
    col_numeric_1 NUMERIC(3,0)
);
insert into test_type_table_column_name values (1, 1, 1, 1, 1, 1, 1, b'1', '2025-10-10 10:10:10', '2025-10-10 10:10:10', '2025-10-10', '10:10:10',
  1, '1', '1', '1', '1', '1', '1', '1', '1', '1', '1', '1', '1', '1', '1', '1', '1', '1');
SELECT COL_LENGTH('test_type_table_column_name', 'int1_col');
 col_length 
------------
          1
(1 row)

SELECT COL_LENGTH('test_type_table_column_name', 'int2_col');
 col_length 
------------
          2
(1 row)

SELECT COL_LENGTH('test_type_table_column_name', 'int4_col');
 col_length 
------------
          4
(1 row)

SELECT COL_LENGTH('test_type_table_column_name', 'int8_col');
 col_length 
------------
          8
(1 row)

SELECT COL_LENGTH('test_type_table_column_name', 'float4_col');
 col_length 
------------
          4
(1 row)

SELECT COL_LENGTH('test_type_table_column_name', 'float8_col');
 col_length 
------------
          8
(1 row)

SELECT COL_LENGTH('test_type_table_column_name', 'numeric_col');
 col_length 
------------
         13
(1 row)

SELECT COL_LENGTH('test_type_table_column_name', 'bit1_col');
 col_length 
------------
          1
(1 row)

SELECT COL_LENGTH('test_type_table_column_name', 'datetime_col');
 col_length 
------------
          8
(1 row)

SELECT COL_LENGTH('test_type_table_column_name', 'smalldatetime_col');
 col_length 
------------
          4
(1 row)

SELECT COL_LENGTH('test_type_table_column_name', 'date_col');
 col_length 
------------
          3
(1 row)

SELECT COL_LENGTH('test_type_table_column_name', 'time_col');
 col_length 
------------
          5
(1 row)

SELECT COL_LENGTH('test_type_table_column_name', 'boolean_col');
 col_length 
------------
          1
(1 row)

SELECT COL_LENGTH('test_type_table_column_name', 'char_col');
 col_length 
------------
        100
(1 row)

SELECT COL_LENGTH('test_type_table_column_name', 'varchar_col');
 col_length 
------------
        100
(1 row)

SELECT COL_LENGTH('test_type_table_column_name', 'nvarchar_col');
 col_length 
------------
         20
(1 row)

SELECT COL_LENGTH('test_type_table_column_name', 'varbinary_col');
 col_length 
------------
        100
(1 row)

SELECT COL_LENGTH('test_type_table_column_name', 'text_col');
 col_length 
------------
         16
(1 row)

SELECT COL_LENGTH('test_type_table_column_name', 'col_char_10');
 col_length 
------------
         10
(1 row)

SELECT COL_LENGTH('test_type_table_column_name', 'col_varchar_20');
 col_length 
------------
         20
(1 row)

SELECT COL_LENGTH('test_type_table_column_name', 'col_varbinary_15');
 col_length 
------------
         15
(1 row)

SELECT COL_LENGTH('test_type_table_column_name', 'col_nchar_8');
 col_length 
------------
          8
(1 row)

SELECT COL_LENGTH('test_type_table_column_name', 'col_nvarchar_16');
 col_length 
------------
         32
(1 row)

SELECT COL_LENGTH('test_type_table_column_name', 'col_sql_variant');
 col_length 
------------
       8016
(1 row)

SELECT COL_LENGTH('test_type_table_column_name', 'col_varcharmax');
 col_length 
------------
        255
(1 row)

SELECT COL_LENGTH('test_type_table_column_name', 'col_nvarcharmax');
 col_length 
------------
        510
(1 row)

SELECT COL_LENGTH('test_type_table_column_name', 'col_varbinarymax');
 col_length 
------------
        255
(1 row)

SELECT COL_LENGTH('test_type_table_column_name', 'col_bit');
 col_length 
------------
          1
(1 row)

SELECT COL_LENGTH('test_type_table_column_name', 'col_decimal_1');
 col_length 
------------
          9
(1 row)

SELECT COL_LENGTH('test_type_table_column_name', 'col_numeric_1');
 col_length 
------------
          5
(1 row)

CREATE TYPE compfoo1 AS (f1 int);
CREATE TYPE compfoo2 AS (f1 float8);
CREATE TABLE col_length_t3(
    col_compfoo1 compfoo1,
    col_compfoo2 compfoo2
);
SELECT COL_LENGTH('col_length_t3', 'col_compfoo1');
 col_length 
------------
         -1
(1 row)

SELECT COL_LENGTH('col_length_t3', 'col_compfoo2');
 col_length 
------------
         -1
(1 row)

SELECT COL_LENGTH('col_length_t3', 'compfoo1');
 col_length 
------------
           
(1 row)

SELECT COL_LENGTH('col_length_t3', 'compfoo2');
 col_length 
------------
           
(1 row)

-- diff input type
SELECT COL_LENGTH('test_type_table_column_name'::varchar, 'int1_col'::varchar);
 col_length 
------------
          1
(1 row)

SELECT COL_LENGTH('test_type_table_column_name'::char(10), 'int1_col'::char(10));
 col_length 
------------
           
(1 row)

SELECT COL_LENGTH(int1_col, 'test1') from test_type_table_column_name;
 col_length 
------------
           
(1 row)

SELECT COL_LENGTH(int2_col, 'test1') from test_type_table_column_name;
 col_length 
------------
           
(1 row)

SELECT COL_LENGTH(int4_col, 'test1') from test_type_table_column_name;
 col_length 
------------
           
(1 row)

SELECT COL_LENGTH(int8_col, 'test1') from test_type_table_column_name;
 col_length 
------------
           
(1 row)

SELECT COL_LENGTH(float4_col, 'test1') from test_type_table_column_name;
 col_length 
------------
           
(1 row)

SELECT COL_LENGTH(float8_col, 'test1') from test_type_table_column_name;
 col_length 
------------
           
(1 row)

SELECT COL_LENGTH(numeric_col, 'test1') from test_type_table_column_name;
 col_length 
------------
           
(1 row)

SELECT COL_LENGTH(datetime_col, 'test1') from test_type_table_column_name;
 col_length 
------------
           
(1 row)

SELECT COL_LENGTH(smalldatetime_col, 'test1') from test_type_table_column_name;
 col_length 
------------
           
(1 row)

SELECT COL_LENGTH(date_col, 'test1') from test_type_table_column_name;
 col_length 
------------
           
(1 row)

SELECT COL_LENGTH(time_col, 'test1') from test_type_table_column_name;
 col_length 
------------
           
(1 row)

SELECT COL_LENGTH(char_col, 'test1') from test_type_table_column_name;
 col_length 
------------
           
(1 row)

SELECT COL_LENGTH(varchar_col, 'test1') from test_type_table_column_name;
 col_length 
------------
           
(1 row)

SELECT COL_LENGTH(nvarchar_col, 'test1') from test_type_table_column_name;
 col_length 
------------
           
(1 row)

SELECT COL_LENGTH(varbinary_col, 'test1') from test_type_table_column_name;
 col_length 
------------
           
(1 row)

SELECT COL_LENGTH(text_col, 'test1') from test_type_table_column_name;
 col_length 
------------
           
(1 row)

SELECT COL_LENGTH(col_nvarchar_16, 'test1') from test_type_table_column_name;
 col_length 
------------
           
(1 row)

SELECT COL_LENGTH('test1', int1_col) from test_type_table_column_name;
 col_length 
------------
           
(1 row)

SELECT COL_LENGTH('test1', int2_col) from test_type_table_column_name;
 col_length 
------------
           
(1 row)

SELECT COL_LENGTH('test1', int4_col) from test_type_table_column_name;
 col_length 
------------
           
(1 row)

SELECT COL_LENGTH('test1', int8_col) from test_type_table_column_name;
 col_length 
------------
           
(1 row)

SELECT COL_LENGTH('test1', float4_col) from test_type_table_column_name;
 col_length 
------------
           
(1 row)

SELECT COL_LENGTH('test1', float8_col) from test_type_table_column_name;
 col_length 
------------
           
(1 row)

SELECT COL_LENGTH('test1', numeric_col) from test_type_table_column_name;
 col_length 
------------
           
(1 row)

SELECT COL_LENGTH('test1', datetime_col) from test_type_table_column_name;
 col_length 
------------
           
(1 row)

SELECT COL_LENGTH('test1', smalldatetime_col) from test_type_table_column_name;
 col_length 
------------
           
(1 row)

SELECT COL_LENGTH('test1', date_col) from test_type_table_column_name;
 col_length 
------------
           
(1 row)

SELECT COL_LENGTH('test1', time_col) from test_type_table_column_name;
 col_length 
------------
           
(1 row)

SELECT COL_LENGTH('test1', char_col) from test_type_table_column_name;
 col_length 
------------
           
(1 row)

SELECT COL_LENGTH('test1', varchar_col) from test_type_table_column_name;
 col_length 
------------
           
(1 row)

SELECT COL_LENGTH('test1', nvarchar_col) from test_type_table_column_name;
 col_length 
------------
           
(1 row)

SELECT COL_LENGTH('test1', varbinary_col) from test_type_table_column_name;
 col_length 
------------
           
(1 row)

SELECT COL_LENGTH('test1', text_col) from test_type_table_column_name;
 col_length 
------------
           
(1 row)

SELECT COL_LENGTH('test1', col_nvarchar_16) from test_type_table_column_name;
 col_length 
------------
           
(1 row)

drop table if exists test_type_table_column_name;
-- sys.COL_NAME
create table test_colname_1(c1 int, c2 int);
select COL_NAME(OBJECT_ID('test_colname_1'), -1);
 col_name 
----------
 
(1 row)

select COL_NAME(OBJECT_ID('test_colname_1'), 0);
 col_name 
----------
 
(1 row)

select COL_NAME(OBJECT_ID('test_colname_1'), 1);
 col_name 
----------
 c1
(1 row)

select COL_NAME(OBJECT_ID('test_colname_1'), 2);
 col_name 
----------
 c2
(1 row)

select COL_NAME(OBJECT_ID('test_colname_1'), 3);
 col_name 
----------
 
(1 row)

select COL_NAME(OBJECT_ID('test_colname_1'), 4);
 col_name 
----------
 
(1 row)

select COL_NAME(OBJECT_ID('test_colname_1'), 'abc');
ERROR:  invalid input syntax for type bigint: "abc"
LINE 1: select COL_NAME(OBJECT_ID('test_colname_1'), 'abc');
                                                     ^
CONTEXT:  referenced column: col_name
select COL_NAME(OBJECT_ID('test_colname_1'), NULL);
 col_name 
----------
 
(1 row)

select COL_NAME(OBJECT_ID('test_colname_1'), 4);
 col_name 
----------
 
(1 row)

select COL_NAME(OBJECT_ID('amapagou'), 4);
 col_name 
----------
 
(1 row)

select COL_NAME('0x1A', 3);
ERROR:  invalid input syntax for type bigint: "0x1A"
LINE 1: select COL_NAME('0x1A', 3);
                        ^
CONTEXT:  referenced column: col_name
select COL_NAME(7, 'column_name');
ERROR:  invalid input syntax for type bigint: "column_name"
LINE 1: select COL_NAME(7, 'column_name');
                           ^
CONTEXT:  referenced column: col_name
select COL_NAME('0x2F', 'another_column');
ERROR:  invalid input syntax for integer: "0x2F"
CONTEXT:  SQL function "col_name" during inlining
referenced column: col_name
select COL_NAME('0xAB', '0x8C');
ERROR:  invalid input syntax for integer: "0xAB"
CONTEXT:  SQL function "col_name" during inlining
referenced column: col_name
select COL_NAME('sample_table', 'some_column');
ERROR:  invalid input syntax for integer: "sample_table"
CONTEXT:  SQL function "col_name" during inlining
referenced column: col_name
-- diff input type
create table test_type_table_column_name
(
   int1_col tinyint,
   int2_col smallint,
   int4_col integer,
   int8_col bigint,
   float4_col float4,
   float8_col float8,
   numeric_col decimal(20, 6),
   bit1_col bit(1),
   boolean_col boolean,
   char_col char(100),
   varchar_col varchar(100), 
   nvarchar_col nvarchar(10),
   varbinary_col varbinary(100)
);
insert into test_type_table_column_name values (1, 1, 1, 1, 1, 1, 1, b'1', 1, 1, 1, 1, 1);
select 
  COL_NAME(int1_col, 1),
  COL_NAME(int2_col, 1),
  COL_NAME(int4_col, 1),
  COL_NAME(int8_col, 1),
  COL_NAME(float4_col, 1),
  COL_NAME(float8_col, 1),
  COL_NAME(numeric_col, 1),
  COL_NAME(bit1_col, 1),
  COL_NAME(char_col, 1),
  COL_NAME(varchar_col, 1),
  COL_NAME(nvarchar_col, 1),
  COL_NAME(varbinary_col, 1)
from test_type_table_column_name;
 col_name | col_name | col_name | col_name | col_name | col_name | col_name | col_name | col_name | col_name | col_name | col_name 
----------+----------+----------+----------+----------+----------+----------+----------+----------+----------+----------+----------
          |          |          |          |          |          |          |          |          |          |          | 
(1 row)

select 
  COL_NAME(1, int1_col),
  COL_NAME(1, int2_col),
  COL_NAME(1, int4_col),
  COL_NAME(1, int8_col),
  COL_NAME(1, float4_col),
  COL_NAME(1, float8_col),
  COL_NAME(1, numeric_col),
  COL_NAME(1, bit1_col),
  COL_NAME(1, char_col),
  COL_NAME(1, varchar_col),
  COL_NAME(1, nvarchar_col),
  COL_NAME(1, varbinary_col)
from test_type_table_column_name; 
 col_name | col_name | col_name | col_name | col_name | col_name | col_name | col_name | col_name | col_name | col_name | col_name 
----------+----------+----------+----------+----------+----------+----------+----------+----------+----------+----------+----------
          |          |          |          |          |          |          |          |          |          |          | 
(1 row)

drop table if exists test_type_table_column_name;
create table test11(c1 int, c2 int, c3 int, c4 int, c5 int);
select object_id('test11');
 object_id 
-----------
--?.*
(1 row)

select COL_NAME(object_id('test11'), 1);
 col_name 
----------
 c1
(1 row)

alter table test11 drop column c1;
select COL_NAME(object_id('test11'), 1);
 col_name 
----------
 
(1 row)

select COL_NAME(object_id('test11'), 2);
 col_name 
----------
 c2
(1 row)

drop table test11;
-- sys.columnproperty
CREATE TABLE t_column_property(
  cp1 CHAR(1) NOT NULL, 
  cp2 CHAR(129), 
  cp3 CHAR(4000) NOT NULL,
  cp4 VARCHAR(1),
  cp5 VARCHAR(129) NOT NULL,
  cp6 VARCHAR(4000),
  cp7 INT,
  cp8 INT NOT NULL);
SELECT sys.columnproperty(OBJECT_ID('t_column_property'), 'cp1', 'charmaxlen');
 columnproperty 
----------------
              1
(1 row)

SELECT sys.columnproperty(OBJECT_ID('t_column_property'), 'cp2', 'charmaxlen');
 columnproperty 
----------------
            129
(1 row)

SELECT sys.columnproperty(OBJECT_ID('t_column_property'), 'cp3', 'charmaxlen');
 columnproperty 
----------------
           4000
(1 row)

SELECT sys.columnproperty(OBJECT_ID('t_column_property'), 'cp4', 'charmaxlen');
 columnproperty 
----------------
              1
(1 row)

SELECT sys.columnproperty(OBJECT_ID('t_column_property'), 'cp5', 'charmaxlen');
 columnproperty 
----------------
            129
(1 row)

SELECT sys.columnproperty(OBJECT_ID('t_column_property'), 'cp6', 'charmaxlen');
 columnproperty 
----------------
           4000
(1 row)

SELECT sys.columnproperty(OBJECT_ID('t_column_property'), 'cp1', 'allowsnull');
 columnproperty 
----------------
              0
(1 row)

SELECT sys.columnproperty(OBJECT_ID('t_column_property'), 'cp2', 'allowsnull');
 columnproperty 
----------------
              1
(1 row)

SELECT sys.columnproperty(OBJECT_ID('t_column_property'), 'cp3', 'allowsnull');
 columnproperty 
----------------
              0
(1 row)

SELECT sys.columnproperty(OBJECT_ID('t_column_property'), 'cp4', 'allowsnull');
 columnproperty 
----------------
              1
(1 row)

SELECT sys.columnproperty(OBJECT_ID('t_column_property'), 'cp5', 'allowsnull');
 columnproperty 
----------------
              0
(1 row)

SELECT sys.columnproperty(OBJECT_ID('t_column_property'), 'cp6', 'allowsnull');
 columnproperty 
----------------
              1
(1 row)

SELECT sys.columnproperty(OBJECT_ID('t_column_property'), 'cp7', 'allowsnull');
 columnproperty 
----------------
              1
(1 row)

SELECT sys.columnproperty(OBJECT_ID('t_column_property'), 'cp8', 'allowsnull');  
 columnproperty 
----------------
              0
(1 row)

SELECT sys.columnproperty(OBJECT_ID('t_column_property'), 'cp1', 'iscomputed');
 columnproperty 
----------------
              0
(1 row)

SELECT sys.columnproperty(OBJECT_ID('t_column_property'), 'cp2', 'iscomputed');
 columnproperty 
----------------
              0
(1 row)

SELECT sys.columnproperty(OBJECT_ID('t_column_property'), 'cp3', 'iscomputed');
 columnproperty 
----------------
              0
(1 row)

SELECT sys.columnproperty(OBJECT_ID('t_column_property'), 'cp4', 'iscomputed');
 columnproperty 
----------------
              0
(1 row)

SELECT sys.columnproperty(OBJECT_ID('t_column_property'), 'cp5', 'iscomputed');
 columnproperty 
----------------
              0
(1 row)

SELECT sys.columnproperty(OBJECT_ID('t_column_property'), 'cp6', 'iscomputed');
 columnproperty 
----------------
              0
(1 row)

SELECT sys.columnproperty(OBJECT_ID('t_column_property'), 'cp7', 'iscomputed');
 columnproperty 
----------------
              0
(1 row)

SELECT sys.columnproperty(OBJECT_ID('t_column_property'), 'cp8', 'iscomputed');  
 columnproperty 
----------------
              0
(1 row)

SELECT sys.columnproperty(OBJECT_ID('t_column_property'), 'cp1', 'columnid');
 columnproperty 
----------------
              1
(1 row)

SELECT sys.columnproperty(OBJECT_ID('t_column_property'), 'cp2', 'columnid');
 columnproperty 
----------------
              2
(1 row)

SELECT sys.columnproperty(OBJECT_ID('t_column_property'), 'cp3', 'columnid');
 columnproperty 
----------------
              3
(1 row)

SELECT sys.columnproperty(OBJECT_ID('t_column_property'), 'cp4', 'columnid');
 columnproperty 
----------------
              4
(1 row)

SELECT sys.columnproperty(OBJECT_ID('t_column_property'), 'cp5', 'columnid');
 columnproperty 
----------------
              5
(1 row)

SELECT sys.columnproperty(OBJECT_ID('t_column_property'), 'cp6', 'columnid');
 columnproperty 
----------------
              6
(1 row)

SELECT sys.columnproperty(OBJECT_ID('t_column_property'), 'cp7', 'columnid');
 columnproperty 
----------------
              7
(1 row)

SELECT sys.columnproperty(OBJECT_ID('t_column_property'), 'cp8', 'columnid');  
 columnproperty 
----------------
              8
(1 row)

SELECT sys.columnproperty(OBJECT_ID('t_column_property'), 'cp1', 'ishidden');
 columnproperty 
----------------
              1
(1 row)

SELECT sys.columnproperty(OBJECT_ID('t_column_property'), 'cp2', 'ishidden');
 columnproperty 
----------------
              1
(1 row)

SELECT sys.columnproperty(OBJECT_ID('t_column_property'), 'cp3', 'ishidden');
 columnproperty 
----------------
              1
(1 row)

SELECT sys.columnproperty(OBJECT_ID('t_column_property'), 'cp4', 'ishidden');
 columnproperty 
----------------
              1
(1 row)

SELECT sys.columnproperty(OBJECT_ID('t_column_property'), 'cp5', 'ishidden');
 columnproperty 
----------------
              1
(1 row)

SELECT sys.columnproperty(OBJECT_ID('t_column_property'), 'cp6', 'ishidden');
 columnproperty 
----------------
              1
(1 row)

SELECT sys.columnproperty(OBJECT_ID('t_column_property'), 'cp7', 'ishidden');
 columnproperty 
----------------
              1
(1 row)

SELECT sys.columnproperty(OBJECT_ID('t_column_property'), 'cp8', 'ishidden');  
 columnproperty 
----------------
              1
(1 row)

SELECT sys.columnproperty(OBJECT_ID('t_column_property'), 'cp1', 'isidentity');
 columnproperty 
----------------
              0
(1 row)

SELECT sys.columnproperty(OBJECT_ID('t_column_property'), 'cp2', 'isidentity');
 columnproperty 
----------------
              0
(1 row)

SELECT sys.columnproperty(OBJECT_ID('t_column_property'), 'cp3', 'isidentity');
 columnproperty 
----------------
              0
(1 row)

SELECT sys.columnproperty(OBJECT_ID('t_column_property'), 'cp4', 'isidentity');
 columnproperty 
----------------
              0
(1 row)

SELECT sys.columnproperty(OBJECT_ID('t_column_property'), 'cp5', 'isidentity');
 columnproperty 
----------------
              0
(1 row)

SELECT sys.columnproperty(OBJECT_ID('t_column_property'), 'cp6', 'isidentity');
 columnproperty 
----------------
              0
(1 row)

SELECT sys.columnproperty(OBJECT_ID('t_column_property'), 'cp7', 'isidentity');
 columnproperty 
----------------
              0
(1 row)

SELECT sys.columnproperty(OBJECT_ID('t_column_property'), 'cp8', 'isidentity');  
 columnproperty 
----------------
              0
(1 row)

SELECT sys.columnproperty(OBJECT_ID('t_column_property'), 'cp1', 'ordinal');
 columnproperty 
----------------
              1
(1 row)

SELECT sys.columnproperty(OBJECT_ID('t_column_property'), 'cp2', 'ordinal');
 columnproperty 
----------------
              2
(1 row)

SELECT sys.columnproperty(OBJECT_ID('t_column_property'), 'cp3', 'ordinal');
 columnproperty 
----------------
              3
(1 row)

SELECT sys.columnproperty(OBJECT_ID('t_column_property'), 'cp4', 'ordinal');
 columnproperty 
----------------
              4
(1 row)

SELECT sys.columnproperty(OBJECT_ID('t_column_property'), 'cp5', 'ordinal');
 columnproperty 
----------------
              5
(1 row)

SELECT sys.columnproperty(OBJECT_ID('t_column_property'), 'cp6', 'ordinal');
 columnproperty 
----------------
              6
(1 row)

SELECT sys.columnproperty(OBJECT_ID('t_column_property'), 'cp7', 'ordinal');
 columnproperty 
----------------
              7
(1 row)

SELECT sys.columnproperty(OBJECT_ID('t_column_property'), 'cp8', 'ordinal');  
 columnproperty 
----------------
              8
(1 row)

SELECT sys.columnproperty(OBJECT_ID('t_column_property'), 'cp1', 'precision');
 columnproperty 
----------------
              1
(1 row)

SELECT sys.columnproperty(OBJECT_ID('t_column_property'), 'cp2', 'precision');
 columnproperty 
----------------
            129
(1 row)

SELECT sys.columnproperty(OBJECT_ID('t_column_property'), 'cp3', 'precision');
 columnproperty 
----------------
           4000
(1 row)

SELECT sys.columnproperty(OBJECT_ID('t_column_property'), 'cp4', 'precision');
 columnproperty 
----------------
              1
(1 row)

SELECT sys.columnproperty(OBJECT_ID('t_column_property'), 'cp5', 'precision');
 columnproperty 
----------------
            129
(1 row)

SELECT sys.columnproperty(OBJECT_ID('t_column_property'), 'cp6', 'precision');
 columnproperty 
----------------
           4000
(1 row)

SELECT sys.columnproperty(OBJECT_ID('t_column_property'), 'cp7', 'precision');
 columnproperty 
----------------
             10
(1 row)

SELECT sys.columnproperty(OBJECT_ID('t_column_property'), 'cp8', 'precision');  
 columnproperty 
----------------
             10
(1 row)

SELECT sys.columnproperty(OBJECT_ID('t_column_property'), 'cp1', 'scale');
 columnproperty 
----------------
              1
(1 row)

SELECT sys.columnproperty(OBJECT_ID('t_column_property'), 'cp2', 'scale');
 columnproperty 
----------------
            129
(1 row)

SELECT sys.columnproperty(OBJECT_ID('t_column_property'), 'cp3', 'scale');
 columnproperty 
----------------
           4000
(1 row)

SELECT sys.columnproperty(OBJECT_ID('t_column_property'), 'cp4', 'scale');
 columnproperty 
----------------
              1
(1 row)

SELECT sys.columnproperty(OBJECT_ID('t_column_property'), 'cp5', 'scale');
 columnproperty 
----------------
            129
(1 row)

SELECT sys.columnproperty(OBJECT_ID('t_column_property'), 'cp6', 'scale');
 columnproperty 
----------------
           4000
(1 row)

SELECT sys.columnproperty(OBJECT_ID('t_column_property'), 'cp7', 'scale');
 columnproperty 
----------------
              0
(1 row)

SELECT sys.columnproperty(OBJECT_ID('t_column_property'), 'cp8', 'scale');  
 columnproperty 
----------------
              0
(1 row)

SELECT sys.columnproperty(OBJECT_ID('t_column_property'), 'cp1', 'amaoagou');
 columnproperty 
----------------
               
(1 row)

SELECT sys.columnproperty(OBJECT_ID('t_column_property'), 'cp2', 'amaoagou');
 columnproperty 
----------------
               
(1 row)

SELECT sys.columnproperty(OBJECT_ID('t_column_property'), 'cp3', 'amaoagou');
 columnproperty 
----------------
               
(1 row)

SELECT sys.columnproperty(OBJECT_ID('t_column_property'), 'cp4', 'amaoagou');
 columnproperty 
----------------
               
(1 row)

SELECT sys.columnproperty(OBJECT_ID('t_column_property'), 'cp5', 'amaoagou');
 columnproperty 
----------------
               
(1 row)

SELECT sys.columnproperty(OBJECT_ID('t_column_property'), 'cp6', 'amaoagou');
 columnproperty 
----------------
               
(1 row)

SELECT sys.columnproperty(OBJECT_ID('t_column_property'), 'cp7', 'amaoagou');
 columnproperty 
----------------
               
(1 row)

SELECT sys.columnproperty(OBJECT_ID('t_column_property'), 'cp8', 'amaoagou');    
 columnproperty 
----------------
               
(1 row)

CREATE TABLE t_column_property2 (cp1 INT IDENTITY, cp2 VARCHAR(200), cp3 INT);
NOTICE:  CREATE TABLE will create implicit sequence "t_column_property2_cp1_seq_identity" for serial column "t_column_property2.cp1"
SELECT sys.columnproperty(OBJECT_ID('t_column_property2'), 'cp1', 'isidentity');
 columnproperty 
----------------
              1
(1 row)

SELECT sys.columnproperty(OBJECT_ID('t_column_property2'), 'cp2', 'isidentity');
 columnproperty 
----------------
              0
(1 row)

SELECT sys.columnproperty(OBJECT_ID('t_column_property2'), 'cp3', 'isidentity');
 columnproperty 
----------------
              0
(1 row)

CREATE TABLE t_column_property3 (cp1 float(4), cp2 float(8), cp3 numeric(20, 10), cp5 int2, cp6 int4, cp7 int8);
SELECT sys.columnproperty(OBJECT_ID('t_column_property3'), 'cp1', 'precision');
 columnproperty 
----------------
             24
(1 row)

SELECT sys.columnproperty(OBJECT_ID('t_column_property3'), 'cp2', 'precision');
 columnproperty 
----------------
             24
(1 row)

SELECT sys.columnproperty(OBJECT_ID('t_column_property3'), 'cp3', 'precision');
 columnproperty 
----------------
             20
(1 row)

SELECT sys.columnproperty(OBJECT_ID('t_column_property3'), 'cp4', 'precision');
 columnproperty 
----------------
               
(1 row)

SELECT sys.columnproperty(OBJECT_ID('t_column_property3'), 'cp5', 'precision');
 columnproperty 
----------------
              5
(1 row)

SELECT sys.columnproperty(OBJECT_ID('t_column_property3'), 'cp6', 'precision');
 columnproperty 
----------------
             10
(1 row)

SELECT sys.columnproperty(OBJECT_ID('t_column_property3'), 'cp7', 'precision');
 columnproperty 
----------------
             19
(1 row)

SELECT sys.columnproperty(OBJECT_ID('t_column_property3'), 'cp1', 'scale');
 columnproperty 
----------------
              0
(1 row)

SELECT sys.columnproperty(OBJECT_ID('t_column_property3'), 'cp2', 'scale');
 columnproperty 
----------------
              0
(1 row)

SELECT sys.columnproperty(OBJECT_ID('t_column_property3'), 'cp3', 'scale');
 columnproperty 
----------------
             10
(1 row)

SELECT sys.columnproperty(OBJECT_ID('t_column_property3'), 'cp4', 'scale');
 columnproperty 
----------------
               
(1 row)

SELECT sys.columnproperty(OBJECT_ID('t_column_property3'), 'cp5', 'scale');
 columnproperty 
----------------
              0
(1 row)

SELECT sys.columnproperty(OBJECT_ID('t_column_property3'), 'cp6', 'scale');
 columnproperty 
----------------
              0
(1 row)

SELECT sys.columnproperty(OBJECT_ID('t_column_property3'), 'cp7', 'scale');
 columnproperty 
----------------
              0
(1 row)

SELECT sys.columnproperty(OBJECT_ID('t_column_property'), 'cp1', 'allowsnull ');
 columnproperty 
----------------
              0
(1 row)

SELECT sys.columnproperty(OBJECT_ID('t_column_property'), 'cp1 ', 'allowsnull  ');
 columnproperty 
----------------
              0
(1 row)

SELECT sys.columnproperty(OBJECT_ID('t_column_property'), 'cP1', 'AllowSnull');
 columnproperty 
----------------
              0
(1 row)

SELECT sys.columnproperty(OBJECT_ID('t_column_property'), 'Cp4', 'CharmaxLen ');
 columnproperty 
----------------
              1
(1 row)

SELECT sys.columnproperty(OBJECT_ID('t_column_property'), 'cp25', 'IsIdentity');
 columnproperty 
----------------
               
(1 row)

SELECT sys.columnproperty(OBJECT_ID('t_column_property'), 'cp6', ' charmaxlen ');
 columnproperty 
----------------
               
(1 row)

ALTER TABLE t_column_property DROP COLUMN cp4;
SELECT sys.columnproperty(OBJECT_ID('t_column_property'), 'cp4', 'CharmaxLen');
 columnproperty 
----------------
               
(1 row)

SELECT sys.columnproperty(OBJECT_ID('t_column_property'), 'Cp4', 'CharmaxLen');
 columnproperty 
----------------
               
(1 row)

SELECT sys.columnproperty(OBJECT_ID('t_column_property'), 'Cp4', 'CharmaxLen ');
 columnproperty 
----------------
               
(1 row)

drop table col_length_t1;
drop table col_length_t2;
drop table col_length_t3;
drop table test_colname_1;
drop table t_column_property;
drop table t_column_property2;
drop table t_column_property3;
drop TYPE compfoo1;
drop TYPE compfoo2;
-- sys.year 函数
select YEAR(NULL);
 year 
------
     
(1 row)

SELECT YEAR('2010-04-30T01:01:01.1234567-07:00');
 year 
------
 2010
(1 row)

SELECT YEAR(0);   -- expect 1900
 year 
------
 1900
(1 row)

SELECT YEAR(1);   -- expect 1900
 year 
------
 1900
(1 row)

SELECT YEAR(2020);   -- expect 1905
 year 
------
 1905
(1 row)

SELECT YEAR('2025-10-10');
 year 
------
 2025
(1 row)

SELECT YEAR('2025/10/10');
 year 
------
 2025
(1 row)

SELECT YEAR('2025.10.10');
 year 
------
 2025
(1 row)

SELECT YEAR('20251010');
 year 
------
 2025
(1 row)

SELECT YEAR('2025-10-10 14:30:59');
 year 
------
 2025
(1 row)

SELECT YEAR('2025-10-10 23:59:59.999');
 year 
------
 2025
(1 row)

SELECT YEAR('2025-10-10 00:00:00.000');
 year 
------
 2025
(1 row)

SELECT YEAR(CAST('0001-01-01' AS DATE));
 year 
------
    1
(1 row)

SELECT YEAR(CAST('1753-01-01' AS timestamp));
 year 
------
 1753
(1 row)

SELECT YEAR(CAST('1900-01-01' AS SMALLDATETIME));
 year 
------
 1900
(1 row)

SELECT YEAR(CAST('9999-12-31' AS DATE));
 year 
------
 9999
(1 row)

SELECT YEAR(CAST('9999-12-31 23:59:59.997' AS timestamp));
 year 
------
 9999
(1 row)

SELECT YEAR(CAST('2079-06-06' AS SMALLDATETIME));
 year 
------
 2079
(1 row)

SELECT YEAR('2020-02-29');
 year 
------
 2020
(1 row)

SELECT YEAR('2019-02-28');
 year 
------
 2019
(1 row)

SELECT YEAR('1900-02-28');
 year 
------
 1900
(1 row)

SELECT YEAR('1900-01-01');
 year 
------
 1900
(1 row)

SELECT YEAR('0001-01-01');
 year 
------
    1
(1 row)

SELECT YEAR(CURRENT_TIMESTAMP);
 year 
------
--?.*
(1 row)

SELECT YEAR('abc');  -- error expect
ERROR:  invalid input syntax for type timestamp: "abc"
CONTEXT:  referenced column: datepart
SQL function "year" statement 1
referenced column: year
SELECT YEAR(333);
 year 
------
 1900
(1 row)

-- different data type
create table test_type_table_column_name
(
   int1_col tinyint,
   int2_col smallint,
   int4_col integer,
   int8_col bigint,
   float4_col float4,
   float8_col float8,
   numeric_col decimal(20, 6),
   bit1_col bit(1),
   datetime_col timestamp without time zone,
   smalldatetime_col smalldatetime,
   date_col date,
   time_col time,
   boolean_col boolean,
   char_col char(100),
   varchar_col varchar(100), 
   nvarchar_col nvarchar(10),
   varbinary_col varbinary(100),
   text_col text
);
insert into test_type_table_column_name values (20, 2025, 2025, 2025, 2025, 2025, 2025, b'1', '2025-10-10 10:10:10', '2025-10-10 10:10:10', '2025-10-10', '10:10:10', 1, '2025-10-10', '2025-10-10', '2025-10-10', '2025-10-10', '2025-10-10');
select year(int1_col), year(int2_col), year(int4_col), year(int8_col), year(float4_col), year(float8_col), year(numeric_col), year(bit1_col), year(datetime_col), year(smalldatetime_col), year(date_col), year(boolean_col), year(char_col), year(varchar_col), year(nvarchar_col), year(text_col) from test_type_table_column_name;
 year | year | year | year | year | year | year | year | year | year | year | year | year | year | year | year 
------+------+------+------+------+------+------+------+------+------+------+------+------+------+------+------
 1900 | 1905 | 1905 | 1905 | 1905 | 1905 | 1905 | 1900 | 2025 | 2025 | 2025 | 1900 | 2025 | 2025 | 2025 | 2025
(1 row)

drop table if exists test_type_table_column_name;
-- sys.month
SELECT MONTH('2007-04-30T01:01:01.1234567');   -- expect:  4
 month 
-------
     4
(1 row)

SELECT MONTH(0);                               -- expect:  1
 month 
-------
     1
(1 row)

SELECT MONTH(88);                              -- expect:  3
 month 
-------
     3
(1 row)

SELECT MONTH('2023-05-15');                    -- expect:  5
 month 
-------
     5
(1 row)

SELECT MONTH('2023/12/31');                    -- expect:  12
 month 
-------
    12
(1 row)

SELECT MONTH('2023-01-01');                    -- expect:  1
 month 
-------
     1
(1 row)

SELECT MONTH('2023-08-20 14:30:45');           -- expect:  8
 month 
-------
     8
(1 row)

SELECT MONTH('2023-02-28 23:59:59');           -- expect:  2
 month 
-------
     2
(1 row)

SELECT MONTH('03/10/2023');                    -- expect:  3
 month 
-------
     3
(1 row)

SELECT MONTH('2023年06月01日');                -- expect:  error
ERROR:  invalid input syntax for type date: "2023年06月01日"
CONTEXT:  referenced column: datepart
SQL function "month" statement 1
referenced column: month
SELECT MONTH('2023-01-01');                    -- expect:  1
 month 
-------
     1
(1 row)

SELECT MONTH('2023-12-31');                    -- expect:  12
 month 
-------
    12
(1 row)

SELECT MONTH('2023-01-31');                    -- expect:  1
 month 
-------
     1
(1 row)

SELECT MONTH('2023-12-01');                    -- expect:  12
 month 
-------
    12
(1 row)

SELECT MONTH('2024-02-29');                    -- expect:  2
 month 
-------
     2
(1 row)

SELECT MONTH('2023-02-28');                    -- expect:  2
 month 
-------
     2
(1 row)

SELECT MONTH('1753-01-01');                    -- expect:  1
 month 
-------
     1
(1 row)

SELECT MONTH('9999-12-31');                    -- expect:  12
 month 
-------
    12
(1 row)

SELECT MONTH(NULL);                            -- expect:  NULL
 month 
-------
      
(1 row)

SELECT MONTH('2023-13-01');                    -- expect:  error
ERROR:  date/time field value out of range: "2023-13-01"
HINT:  Perhaps you need a different "datestyle" setting.
CONTEXT:  referenced column: datepart
SQL function "month" statement 1
referenced column: month
SELECT MONTH('2023-02-30');                    -- expect:  error
ERROR:  date/time field value out of range: "2023-02-30"
CONTEXT:  referenced column: datepart
SQL function "month" statement 1
referenced column: month
SELECT MONTH('abc');                           -- expect:  error
ERROR:  invalid input syntax for type date: "abc"
CONTEXT:  referenced column: datepart
SQL function "month" statement 1
referenced column: month
-- different input type
create table test_type_table_column_name
(
   int1_col tinyint,
   int2_col smallint,
   int4_col integer,
   int8_col bigint,
   float4_col float4,
   float8_col float8,
   numeric_col decimal(20, 6),
   bit1_col bit(1),
   datetime_col timestamp without time zone,
   smalldatetime_col smalldatetime,
   date_col date,
   time_col time,
   boolean_col boolean,
   char_col char(100),
   varchar_col varchar(100), 
   nvarchar_col nvarchar(10),
   varbinary_col varbinary(100),
   text_col text
);
insert into test_type_table_column_name values (20, 2025, 2025, 2025, 2025, 2025, 2025, b'1', '2025-10-10 10:10:10', '2025-10-10 10:10:10', '2025-10-10', '10:10:10', 1, '2025-10-10', '2025-10-10', '2025-10-10', '2025', '2025-10-10');
SELECT 
    MONTH(int1_col),
	MONTH(int2_col),
	MONTH(int4_col),
	MONTH(int8_col),
	MONTH(float4_col),
	MONTH(float8_col),
	MONTH(numeric_col),
	MONTH(bit1_col),
	MONTH(datetime_col),
	MONTH(smalldatetime_col),
	MONTH(date_col),
	MONTH(time_col),
	MONTH(char_col),
	MONTH(varchar_col),
	MONTH(nvarchar_col),
	MONTH(text_col)
from test_type_table_column_name;
 month | month | month | month | month | month | month | month | month | month | month | month | month | month | month | month 
-------+-------+-------+-------+-------+-------+-------+-------+-------+-------+-------+-------+-------+-------+-------+-------
     1 |     7 |     7 |     7 |     7 |     7 |     7 |     1 |    10 |    10 |    10 |     1 |    10 |    10 |    10 |    10
(1 row)

drop table if exists test_type_table_column_name;
-- sys.day
SELECT day('2007-04-30T01:01:01.1234567');   -- expect:  30
 day 
-----
  30
(1 row)

SELECT day(0);                               -- expect:  1
 day 
-----
   1
(1 row)

SELECT day(88);                              -- expect:  30
 day 
-----
  30
(1 row)

SELECT day('2023-05-15');                    -- expect:  15
 day 
-----
  15
(1 row)

SELECT day('2023/12/31');                    -- expect:  31
 day 
-----
  31
(1 row)

SELECT day('2023-01-01');                    -- expect:  1
 day 
-----
   1
(1 row)

SELECT day('2023-08-20 14:30:45');           -- expect:  20
 day 
-----
  20
(1 row)

SELECT day('2023-02-28 23:59:59');           -- expect:  28
 day 
-----
  28
(1 row)

SELECT day('03/10/2023');                    -- expect:  10
 day 
-----
  10
(1 row)

SELECT day('2023年06月01日');                -- expect:  error
ERROR:  invalid input syntax for type date: "2023年06月01日"
CONTEXT:  referenced column: datepart
SQL function "day" statement 1
referenced column: day
SELECT day('2023-01-01');                    -- expect:  1
 day 
-----
   1
(1 row)

SELECT day('2023-12-31');                    -- expect:  31
 day 
-----
  31
(1 row)

SELECT day('2023-01-31');                    -- expect:  31
 day 
-----
  31
(1 row)

SELECT day('2023-12-01');                    -- expect:  1
 day 
-----
   1
(1 row)

SELECT day('2024-02-29');                    -- expect:  29
 day 
-----
  29
(1 row)

SELECT day('2023-02-28');                    -- expect:  28
 day 
-----
  28
(1 row)

SELECT day('1753-01-01');                    -- expect:  1
 day 
-----
   1
(1 row)

SELECT day('9999-12-31');                    -- expect:  31
 day 
-----
  31
(1 row)

SELECT day(NULL);                            -- expect:  NULL
 day 
-----
    
(1 row)

SELECT day('2023-13-01');                    -- expect:  error
ERROR:  date/time field value out of range: "2023-13-01"
HINT:  Perhaps you need a different "datestyle" setting.
CONTEXT:  referenced column: datepart
SQL function "day" statement 1
referenced column: day
SELECT day('2023-02-30');                    -- expect:  error
ERROR:  date/time field value out of range: "2023-02-30"
CONTEXT:  referenced column: datepart
SQL function "day" statement 1
referenced column: day
SELECT day('abc');                           -- expect:  error
ERROR:  invalid input syntax for type date: "abc"
CONTEXT:  referenced column: datepart
SQL function "day" statement 1
referenced column: day
-- different input type
create table test_type_table_column_name
(
   int1_col tinyint,
   int2_col smallint,
   int4_col integer,
   int8_col bigint,
   float4_col float4,
   float8_col float8,
   numeric_col decimal(20, 6),
   bit1_col bit(1),
   datetime_col timestamp without time zone,
   smalldatetime_col smalldatetime,
   date_col date,
   time_col time,
   boolean_col boolean,
   char_col char(100),
   varchar_col varchar(100), 
   nvarchar_col nvarchar(10),
   varbinary_col varbinary(100),
   text_col text
);
insert into test_type_table_column_name values (20, 2025, 2025, 2025, 2025, 2025, 2025, b'1', '2025-10-10 10:10:10', '2025-10-10 10:10:10', '2025-10-10', '10:10:10', 1, '2025-10-10', '2025-10-10', '2025-10-10', '2025', '2025-10-10');
SELECT 
    day(int1_col),
	day(int2_col),
	day(int4_col),
	day(int8_col),
	day(float4_col),
	day(float8_col),
	day(numeric_col),
	day(bit1_col),
	day(datetime_col),
	day(smalldatetime_col),
	day(date_col),
	day(char_col),
	day(varchar_col),
	day(nvarchar_col),
	day(text_col)
from test_type_table_column_name;
 day | day | day | day | day | day | day | day | day | day | day | day | day | day | day 
-----+-----+-----+-----+-----+-----+-----+-----+-----+-----+-----+-----+-----+-----+-----
  21 |  19 |  19 |  19 |  19 |  19 |  19 |   2 |  10 |  10 |  10 |  10 |  10 |  10 |  10
(1 row)

drop table if exists test_type_table_column_name;
-- sys.isdate
SELECT ISDATE('2023-10-05');          -- 1
 isdate 
--------
      1
(1 row)

SELECT ISDATE('2023/10/05');          -- 1
 isdate 
--------
      1
(1 row)

SELECT ISDATE('2023.10.05');          -- 1
 isdate 
--------
      1
(1 row)

		 
SELECT ISDATE('10-05-2023');          -- 1
 isdate 
--------
      1
(1 row)

SELECT ISDATE('10/05/2023');          -- 1
 isdate 
--------
      1
(1 row)

SELECT ISDATE('10.05.2023');          -- 1
 isdate 
--------
      1
(1 row)

		 
SELECT ISDATE('05-10-2023');          -- 1
 isdate 
--------
      1
(1 row)

SELECT ISDATE('05/10/2023');          -- 1
 isdate 
--------
      1
(1 row)

SELECT ISDATE('05.10.2023');          -- 1
 isdate 
--------
      1
(1 row)

		 
SELECT ISDATE('2023-10-05 14:30:00');       -- 1
 isdate 
--------
      1
(1 row)

SELECT ISDATE('2023-10-05T14:30:00');       -- 1
 isdate 
--------
      1
(1 row)

SELECT ISDATE('2023/10/05 14:30:00.123');   -- 1
 isdate 
--------
      1
(1 row)

		 
SELECT ISDATE('10-05-2023 09:00 AM');       -- 1
 isdate 
--------
      1
(1 row)

SELECT ISDATE('10/05/2023 03:30 PM');       -- 1
 isdate 
--------
      1
(1 row)

		 
SELECT ISDATE('14:30:00');                  -- 1 
 isdate 
--------
      1
(1 row)

SELECT ISDATE('09:00 AM');                  -- 1 
 isdate 
--------
      1
(1 row)

SELECT ISDATE('03:30 PM');                  -- 1 
 isdate 
--------
      1
(1 row)

SELECT ISDATE('14:30:00.123');              -- 1 
 isdate 
--------
      1
(1 row)

		 
SELECT ISDATE('20231005');                       -- 1
 isdate 
--------
      1
(1 row)

SELECT ISDATE('2023-10-05 14:30');               -- 1
 isdate 
--------
      1
(1 row)

SELECT ISDATE('2023-10-05 14:30:00.1234567');    -- 0
 isdate 
--------
      0
(1 row)

		 
SELECT ISDATE('2023-13-05');          -- 0
 isdate 
--------
      0
(1 row)

SELECT ISDATE('2023-10-32');          -- 0
 isdate 
--------
      0
(1 row)

SELECT ISDATE('2023/13/05');          -- 0
 isdate 
--------
      0
(1 row)

		 
SELECT ISDATE('2023/10/32');          -- 0
 isdate 
--------
      0
(1 row)

SELECT ISDATE('2023-02-29');          -- 0
 isdate 
--------
      0
(1 row)

SELECT ISDATE('2020-02-30');          -- 0
 isdate 
--------
      0
(1 row)

		 
SELECT ISDATE('2023-10-05 14:60:00');   -- 0
 isdate 
--------
      0
(1 row)

SELECT ISDATE('2023-10-05 25:00:00');   -- 0
 isdate 
--------
      0
(1 row)

SELECT ISDATE('2023-10-05 14:30:60');   -- 0 
 isdate 
--------
      1
(1 row)

		 
SELECT ISDATE('2023-10-05 14:30:00.12345678');   -- 0
 isdate 
--------
      0
(1 row)

SELECT ISDATE('2023/10/05 14:30:00,123');        -- 0
 isdate 
--------
      0
(1 row)

SELECT ISDATE('2023年10月05日');                 -- 0
 isdate 
--------
      0
(1 row)

		 
SELECT ISDATE('2023-10-05 下午3点30分');        -- 0
 isdate 
--------
      0
(1 row)

SELECT ISDATE('abc');                           -- 0
 isdate 
--------
      0
(1 row)

SELECT ISDATE('2023-10-05a');                   -- 0
 isdate 
--------
      0
(1 row)

		 
SELECT ISDATE('2023-10-05 14:30:00a');            -- 0
 isdate 
--------
      0
(1 row)

SELECT ISDATE('2023-10-');                        -- 0
 isdate 
--------
      0
(1 row)

SELECT ISDATE('10-05-2023 14:30:00 PM');          -- 1 
 isdate 
--------
      0
(1 row)

		 
SELECT ISDATE('1752-09-14');                      -- 0
 isdate 
--------
      1
(1 row)

SELECT ISDATE('1753-01-00');                      -- 0
 isdate 
--------
      0
(1 row)

SELECT ISDATE('9999-12-31 23:59:59');             -- 1
 isdate 
--------
      1
(1 row)

		 
SELECT ISDATE('9999-12-31 24:00:00');             -- 0
 isdate 
--------
      1
(1 row)

SELECT ISDATE('10000-01-01');                     -- 0
 isdate 
--------
      0
(1 row)

		 
SELECT ISDATE(20231005);    -- 1
 isdate 
--------
      1
(1 row)

SELECT ISDATE(20231305);    -- 0
 isdate 
--------
      0
(1 row)

SELECT ISDATE(20231032);    -- 0
 isdate 
--------
      0
(1 row)

		 
SELECT ISDATE(143000);      -- 0
 isdate 
--------
      0
(1 row)

SELECT ISDATE(146000);      -- 0
 isdate 
--------
      0
(1 row)

-- sys.eomonth
select EOMONTH('12/1/2024'::date);           --expect: 2024-12-31
  eomonth   
------------
 12-31-2024
(1 row)

select EOMONTH('12/1/2024'::varchar);        --expect: 2024-12-31
  eomonth   
------------
 12-31-2024
(1 row)

select EOMONTH('12/1/2024'::date, 1);        --expect: 2025-01-31
  eomonth   
------------
 01-31-2025
(1 row)

select EOMONTH('12/1/2024'::date, -1);       --expect: 2024-11-30
  eomonth   
------------
 11-30-2024
(1 row)

SELECT EOMONTH('2023-03-15');                --expect: 2023-03-31
  eomonth   
------------
 03-31-2023
(1 row)

SELECT EOMONTH('2023-04-15');                --expect: 2023-04-30
  eomonth   
------------
 04-30-2023
(1 row)

SELECT EOMONTH('2023-02-10');                --expect: 2023-02-28
  eomonth   
------------
 02-28-2023
(1 row)

SELECT EOMONTH('2024-02-10');                --expect: 2024-02-29
  eomonth   
------------
 02-29-2024
(1 row)

SELECT EOMONTH('2023-05-01');                --expect: 2023-05-31
  eomonth   
------------
 05-31-2023
(1 row)

SELECT EOMONTH('2023-06-30');                --expect: 2023-06-30
  eomonth   
------------
 06-30-2023
(1 row)

SELECT EOMONTH('2023-07-20 14:30:00');       --expect: 2023-07-31
  eomonth   
------------
 07-31-2023
(1 row)

SELECT EOMONTH('1753-01-01');                --expect: 1753-01-31
  eomonth   
------------
 01-31-1753
(1 row)

SELECT EOMONTH('9999-12-31');                --expect: 9999-12-31
  eomonth   
------------
 12-31-9999
(1 row)

SELECT EOMONTH('2000-02-15');                --expect: 2000-02-29
  eomonth   
------------
 02-29-2000
(1 row)

SELECT EOMONTH('2023-12-05');                --expect: 2023-12-31
  eomonth   
------------
 12-31-2023
(1 row)

SELECT EOMONTH('2023-12-05');                --expect: 2023-12-31
  eomonth   
------------
 12-31-2023
(1 row)

SELECT EOMONTH('2023-11-10', 2);             --expect: 2024-01-31
  eomonth   
------------
 01-31-2024
(1 row)

SELECT EOMONTH('2024-01-10', -1);            --expect: 2023-12-31
  eomonth   
------------
 12-31-2023
(1 row)

SELECT EOMONTH('2023-05-20', 100);           --expect: 2031-09-30
  eomonth   
------------
 09-30-2031
(1 row)

SELECT EOMONTH('2023-05-20', -100);          --expect: 2015-01-31
  eomonth   
------------
 01-31-2015
(1 row)

SELECT EOMONTH('2023/13/01');                --expect: error
ERROR:  date/time field value out of range: "2023/13/01"
HINT:  Perhaps you need a different "datestyle" setting.
CONTEXT:  SQL function "eomonth" during inlining
referenced column: eomonth
SELECT EOMONTH('2023-02-30');                --expect: error
ERROR:  date/time field value out of range: "2023-02-30"
CONTEXT:  SQL function "eomonth" during inlining
referenced column: eomonth
SELECT EOMONTH('hello world');               --expect: error
ERROR:  invalid input syntax for type date: "hello world"
CONTEXT:  SQL function "eomonth" during inlining
referenced column: eomonth
SELECT EOMONTH(20230515);                    --expect: error
  eomonth   
------------
 05-31-2023
(1 row)

SELECT EOMONTH(NULL);                        --expect: NULL
 eomonth 
---------
 
(1 row)

SELECT EOMONTH('2023-05-15', 1.5);           --expect: 2023-06-30
  eomonth   
------------
 06-30-2023
(1 row)

SELECT EOMONTH('2023-05-15', 1.6);           --expect: 2023-06-30
  eomonth   
------------
 06-30-2023
(1 row)

SELECT EOMONTH('2023-05-15', -1.5);           --expect: 2023-04-30
  eomonth   
------------
 04-30-2023
(1 row)

SELECT EOMONTH('2023-05-15', -1.6);           --expect: 2023-04-30
  eomonth   
------------
 04-30-2023
(1 row)

SELECT EOMONTH('2023-05-15', -2.1);           --expect: 2023-03-31
  eomonth   
------------
 03-31-2023
(1 row)

SELECT EOMONTH('1753-01-01', -1);            --expect: 1752-12-31
  eomonth   
------------
 12-31-1752
(1 row)

SELECT EOMONTH('9999-12-31', 1);             --expect: error
ERROR:  Adding a value to a 'date' column caused an overflow.
CONTEXT:  referenced column: eomonth
-- different input type
create table test_type_table_column_name
(
   int1_col tinyint,
   int2_col smallint,
   int4_col integer,
   int8_col bigint,
   float4_col float4,
   float8_col float8,
   numeric_col decimal(20, 6),
   bit1_col bit(1),
   datetime_col timestamp without time zone,
   smalldatetime_col smalldatetime,
   date_col date,
   time_col time,
   boolean_col boolean,
   char_col char(100),
   varchar_col varchar(100), 
   nvarchar_col nvarchar(10),
   varbinary_col varbinary(100),
   text_col text
);
insert into test_type_table_column_name values (20, 2025, 2025, 2025, 2025, 2025, 2025, b'1', '2025-10-10 10:10:10', '2025-10-10 10:10:10', '2025-10-10', '10:10:10', 1, '2025', '2025', '2025', '2025', '2025');
SELECT EOMONTH(datetime_col, 2) from test_type_table_column_name; 
  eomonth   
------------
 12-31-2025
(1 row)

SELECT EOMONTH(smalldatetime_col, 2) from test_type_table_column_name; 
  eomonth   
------------
 12-31-2025
(1 row)

SELECT EOMONTH(date_col, 2) from test_type_table_column_name; 
  eomonth   
------------
 12-31-2025
(1 row)

SELECT EOMONTH(datetime_col, 2.2) from test_type_table_column_name; 
  eomonth   
------------
 12-31-2025
(1 row)

SELECT EOMONTH(smalldatetime_col, 2.2) from test_type_table_column_name; 
  eomonth   
------------
 12-31-2025
(1 row)

SELECT EOMONTH(date_col, 2.2) from test_type_table_column_name; 
  eomonth   
------------
 12-31-2025
(1 row)

drop table if exists test_type_table_column_name;
-- sys.sysdatetime
select sysdatetime();
--?.*
--?.*
--?.*
(1 row)

-- sys.square
SELECT square(CAST(12 AS int));
 square 
--------
    144
(1 row)

SELECT square(CAST(12.4 AS float));
 square 
--------
 153.76
(1 row)

SELECT square(CAST(12.4 AS real));
      square      
------------------
 153.759990539551
(1 row)

SELECT square(CAST(12.4 AS bigint));
 square 
--------
    144
(1 row)

SELECT square(CAST(12.4 AS smallint));
 square 
--------
    144
(1 row)

SELECT square(CAST(12.4 AS tinyint));
 square 
--------
    144
(1 row)

SELECT square(CAST(12.4 AS decimal));
 square 
--------
 153.76
(1 row)

SELECT square(CAST(12.4 AS numeric));
 square 
--------
 153.76
(1 row)

create table test_type_table_column_name
(
   int1_col tinyint,
   int2_col smallint,
   int4_col integer,
   int8_col bigint,
   float4_col float4,
   float8_col float8,
   numeric_col decimal(20, 6),
   bit1_col bit(1),
   datetime_col timestamp without time zone,
   smalldatetime_col smalldatetime,
   date_col date,
   time_col time,
   boolean_col boolean,
   char_col char(100),
   varchar_col varchar(100), 
   nvarchar_col nvarchar(10),
   varbinary_col varbinary(100),
   text_col text
);
insert into test_type_table_column_name values (20, 2025, 2025, 2025, 2025, 2025, 2025, b'1', '2025-10-10 10:10:10', '2025-10-10 10:10:10', '2025-10-10', '10:10:10', 1, '10', '10', '10', '10', '10');
SELECT 
    square(int1_col),
	square(int2_col),
	square(int4_col),
	square(int8_col),
	square(float4_col),
	square(float8_col),
	square(numeric_col),
	square(bit1_col),
	square(char_col),
	square(varchar_col),
	square(nvarchar_col),
	square(text_col)
from test_type_table_column_name;
 square | square  | square  | square  | square  | square  | square  | square | square | square | square | square 
--------+---------+---------+---------+---------+---------+---------+--------+--------+--------+--------+--------
    400 | 4100625 | 4100625 | 4100625 | 4100625 | 4100625 | 4100625 |      1 |    100 |    100 |    100 |    100
(1 row)

drop table if exists test_type_table_column_name;
--  sys.isnumeric
CREATE TABLE test_is_numeric_table (
    bigint_type bigint,
    int_type int,
    smallint_type smallint,
    tinyint_type tinyint,
    bit_type bit,
    decimal_type decimal(5,2),
    numeric_type numeric(10,5),
    float_type float,
    real_type real,
    money_type money,
    float8_type float8,
    boolean_col boolean,
    char_col char(100),
    varchar_col varchar(100), 
    nvarchar_col nvarchar(10),
    varbinary_col varbinary(100),
    text_col text
);
INSERT INTO test_is_numeric_table VALUES (
    9223372036854775806,
    45000,
    -32767,
    100,
    b'1',
    123,
    12345.12,
    1.79E+30,
    -3.40E+38, 
    237891.22,
    77.58,
	1,  -- bool
	'1',
	'1',
	'1',
	'1',
	'1'
);
SELECT ISNUMERIC(bigint_type) FROM test_is_numeric_table;       --expect: 1
 isnumeric 
-----------
         1
(1 row)

SELECT ISNUMERIC(int_type) FROM test_is_numeric_table;          --expect: 1
 isnumeric 
-----------
         1
(1 row)

SELECT ISNUMERIC(smallint_type) FROM test_is_numeric_table;     --expect: 1
 isnumeric 
-----------
         1
(1 row)

SELECT ISNUMERIC(tinyint_type) FROM test_is_numeric_table;      --expect: 1
 isnumeric 
-----------
         1
(1 row)

SELECT ISNUMERIC(bit_type) FROM test_is_numeric_table;          --expect: 1
 isnumeric 
-----------
         1
(1 row)

SELECT ISNUMERIC(decimal_type) FROM test_is_numeric_table;      --expect: 1
 isnumeric 
-----------
         1
(1 row)

SELECT ISNUMERIC(numeric_type) FROM test_is_numeric_table;      --expect: 1
 isnumeric 
-----------
         1
(1 row)

SELECT ISNUMERIC(float_type) FROM test_is_numeric_table;        --expect: 1
 isnumeric 
-----------
         1
(1 row)

SELECT ISNUMERIC(real_type) FROM test_is_numeric_table;         --expect: 1
 isnumeric 
-----------
         1
(1 row)

SELECT ISNUMERIC(money_type) FROM test_is_numeric_table;        --expect: 1
 isnumeric 
-----------
         1
(1 row)

SELECT ISNUMERIC(float8_type) FROM test_is_numeric_table;       --expect: 1
 isnumeric 
-----------
         1
(1 row)

SELECT ISNUMERIC(boolean_col) FROM test_is_numeric_table;       --expect: 1
 isnumeric 
-----------
         1
(1 row)

SELECT ISNUMERIC(char_col) FROM test_is_numeric_table;          --expect: 1
 isnumeric 
-----------
         1
(1 row)

SELECT ISNUMERIC(varchar_col) FROM test_is_numeric_table;       --expect: 1
 isnumeric 
-----------
         1
(1 row)

SELECT ISNUMERIC(nvarchar_col) FROM test_is_numeric_table;      --expect: 1
 isnumeric 
-----------
         1
(1 row)

SELECT ISNUMERIC(varbinary_col) FROM test_is_numeric_table;     --expect: 1
 isnumeric 
-----------
         1
(1 row)

SELECT ISNUMERIC(text_col) FROM test_is_numeric_table;          --expect: 1
 isnumeric 
-----------
         1
(1 row)

select isnumeric(1234567890);       --expect: 1
 isnumeric 
-----------
         1
(1 row)

select isnumeric('28903');          --expect: 1
 isnumeric 
-----------
         1
(1 row)

select isnumeric('+');              --expect: 1
 isnumeric 
-----------
         1
(1 row)

select isnumeric('+ ');             --expect: 1
 isnumeric 
-----------
         1
(1 row)

select isnumeric('$24,23.43');       --expect: 1
 isnumeric 
-----------
         1
(1 row)

select isnumeric('+ 1');             --expect: 1
 isnumeric 
-----------
         1
(1 row)

select isnumeric('$+1.1234');        --expect: 1
 isnumeric 
-----------
         1
(1 row)

select isnumeric('+$1.1234');        --expect: 1
 isnumeric 
-----------
         1
(1 row)

select isnumeric(' $ + 1.1234');     --expect: 1
 isnumeric 
-----------
         1
(1 row)

select isnumeric(' + $ 1.1234');     --expect: 1
 isnumeric 
-----------
         1
(1 row)

select isnumeric('abcdefghijklmnop');   --expect: 0
 isnumeric 
-----------
         0
(1 row)

select isnumeric('24.89.43');           --expect: 0
 isnumeric 
-----------
         0
(1 row)

select isnumeric('24,2.3.43');          --expect: 0
 isnumeric 
-----------
         0
(1 row)

select isnumeric('+-');                 --expect: 0
 isnumeric 
-----------
         1
(1 row)

select isnumeric('23$');                --expect: 0
 isnumeric 
-----------
         1
(1 row)

select isnumeric(null);                 --expect: 0
 isnumeric 
-----------
          
(1 row)

select isnumeric(' ');                  --expect: 0
 isnumeric 
-----------
         1
(1 row)

select isnumeric('1 .1234');            --expect: 0
 isnumeric 
-----------
         0
(1 row)

select isnumeric('+1 .1234');           --expect: 0
 isnumeric 
-----------
         0
(1 row)

select isnumeric('$1 .1234');                                       --expect: 0
 isnumeric 
-----------
         0
(1 row)

select isnumeric('9999999999999999999999999999999999999999');       --expect: 1
 isnumeric 
-----------
         1
(1 row)

select isnumeric('10000000000000000000000000000000000000000');      --expect: 1
 isnumeric 
-----------
         1
(1 row)

select isnumeric('-9999999999999999999999999999999999999999');      --expect: 1
 isnumeric 
-----------
         1
(1 row)

select isnumeric('999999999999999999999999999999999999999.99999');  --expect: 1
 isnumeric 
-----------
         1
(1 row)

select isnumeric('1' + REPLICATE('0', 38));      --expect: 1
 isnumeric 
-----------
         1
(1 row)

select isnumeric('1' + REPLICATE('0', 100));     --expect: 1
 isnumeric 
-----------
         1
(1 row)

select isnumeric('0.' + REPLICATE('9', 38));     --expect: 1
 isnumeric 
-----------
         1
(1 row)

select isnumeric('1E+38');     --expect: 1
 isnumeric 
-----------
         1
(1 row)

select isnumeric('1E+100');    --expect: 1
 isnumeric 
-----------
         1
(1 row)

select isnumeric('1E-100');    --expect: 1
 isnumeric 
-----------
         1
(1 row)

select isnumeric('abc');        --expect: 0
 isnumeric 
-----------
         0
(1 row)

select isnumeric('123abc');     --expect: 0
 isnumeric 
-----------
         0
(1 row)

select isnumeric('abc123');     --expect: 0
 isnumeric 
-----------
         0
(1 row)

select isnumeric('12.34.56');     --expect: 0
 isnumeric 
-----------
         0
(1 row)

select isnumeric('12,34,56');     --expect: 1
 isnumeric 
-----------
         1
(1 row)

select isnumeric('$123$456');     --expect: 0
 isnumeric 
-----------
         0
(1 row)

select isnumeric('123..456');     --expect: 0
 isnumeric 
-----------
         0
(1 row)

select isnumeric('++123');        --expect: 0
 isnumeric 
-----------
         0
(1 row)

select isnumeric('--123');        --expect: 0
 isnumeric 
-----------
         0
(1 row)

select isnumeric('+-123');        --expect: 0
 isnumeric 
-----------
         0
(1 row)

select isnumeric('123-');           --expect: 0
 isnumeric 
-----------
         1
(1 row)

select isnumeric('123+');           --expect: 0
 isnumeric 
-----------
         1
(1 row)

select isnumeric('123.456.789');    --expect: 0
 isnumeric 
-----------
         0
(1 row)

select isnumeric('1,23,456');        --expect: 1
 isnumeric 
-----------
         1
(1 row)

select isnumeric('1.2e3.4');         --expect: 0
 isnumeric 
-----------
         0
(1 row)

select isnumeric('1.2e');            --expect: 0
 isnumeric 
-----------
         0
(1 row)

select isnumeric('e1.2');            --expect: 0
 isnumeric 
-----------
         0
(1 row)

select isnumeric('1.2D');            --expect: 0
 isnumeric 
-----------
         0
(1 row)

select isnumeric(CAST(1.79E+308 AS varchar(50)));     --expect: 1
 isnumeric 
-----------
         1
(1 row)

select isnumeric(CAST(POWER(10, 3) AS varchar(50)));  --expect: 1
 isnumeric 
-----------
         1
(1 row)

drop table test_is_numeric_table;
--sys.SQL_VARIANT_PROPERTY
select SQL_VARIANT_PROPERTY(cast(cast('2020-10-20 09:00:00' as smalldatetime) as sql_variant), 'BaseType');
 sql_variant_property 
----------------------
 smalldatetime
(1 row)

select SQL_VARIANT_PROPERTY(cast(cast('$123.123' as money) as sql_variant), 'BaseType');
 sql_variant_property 
----------------------
 money
(1 row)

select SQL_VARIANT_PROPERTY(cast(cast('256' as smallint) as sql_variant), 'BaseType');
 sql_variant_property 
----------------------
 int2
(1 row)

select SQL_VARIANT_PROPERTY(cast(cast('255' as tinyint) as sql_variant), 'BaseType');
 sql_variant_property 
----------------------
 tinyint
(1 row)

select SQL_VARIANT_PROPERTY(cast(cast('a' as nvarchar) as sql_variant), 'BaseType');
 sql_variant_property 
----------------------
 nvarchar
(1 row)

select SQL_VARIANT_PROPERTY(cast(cast('a' as varchar) as sql_variant), 'BaseType');
 sql_variant_property 
----------------------
 varchar
(1 row)

select SQL_VARIANT_PROPERTY(cast(cast('a' as nchar(1)) as sql_variant), 'BaseType');
 sql_variant_property 
----------------------
 bpchar
(1 row)

select SQL_VARIANT_PROPERTY(cast(cast('a' as char(1)) as sql_variant), 'BaseType');
 sql_variant_property 
----------------------
 bpchar
(1 row)

create table sqlvariant_test_1 (testcase varchar(50), v sql_variant);
insert into sqlvariant_test_1 (testcase, v) values ('smalldatetime basic', cast('2020-10-05 09:00:00' as smalldatetime));
insert into sqlvariant_test_1 (testcase, v) values ('date basic', cast('0001-01-01' as date));
insert into sqlvariant_test_1 (testcase, v) values ('time basic', cast('00:00:00' as time));
insert into sqlvariant_test_1 (testcase, v) values ('time basic w/ typmod', cast('00:00:00' as time(3)));
insert into sqlvariant_test_1 (testcase, v) values ('float basic', cast(3.1415926 as float(53)));
insert into sqlvariant_test_1 (testcase, v) values ('real basic', cast(3.1415926 as real));
insert into sqlvariant_test_1 (testcase, v) values ('numeric basic', cast(93.1415926 as numeric(4,2)));
insert into sqlvariant_test_1 (testcase, v) values ('numeric basic2', cast(93.1415926 as numeric(5,1)));
insert into sqlvariant_test_1 (testcase, v) values ('money basic', cast('100.123' as money));
insert into sqlvariant_test_1 (testcase, v) values ('bigint basic', cast(2147483648 as bigint));
insert into sqlvariant_test_1 (testcase, v) values ('int basic', cast(2147483647 as int));
insert into sqlvariant_test_1 (testcase, v) values ('smallint basic', cast(32767 as smallint));
insert into sqlvariant_test_1 (testcase, v) values ('tinyint basic', cast(255 as tinyint));
insert into sqlvariant_test_1 (testcase, v) values ('bit basic', cast(0 as bit));
insert into sqlvariant_test_1 (testcase, v) values ('nvarchar basic', cast('a' as nvarchar(1)));
insert into sqlvariant_test_1 (testcase, v) values ('varchar basic', cast('a' as varchar(1)));
insert into sqlvariant_test_1 (testcase, v) values ('nchar basic', cast('a' as nchar(1)));
insert into sqlvariant_test_1 (testcase, v) values ('char basic', cast('a' as char(1)));
insert into sqlvariant_test_1 (testcase, v) values ('char basic', cast('a' as text)::sql_variant);
select sql_variant_property(v, 'nothing') from sqlvariant_test_1;
 sql_variant_property 
----------------------
 
 
 
 
 
 
 
 
 
 
 
 
 
 
 
 
 
 
 
(19 rows)

select sql_variant_property(v, 'basetype') from sqlvariant_test_1;
 sql_variant_property 
----------------------
 smalldatetime
 date
 time
 time
 float8
 float4
 numeric
 numeric
 money
 int8
 int4
 int2
 tinyint
 bit
 nvarchar
 varchar
 bpchar
 bpchar
 varchar
(19 rows)

select sql_variant_property(v, 'precision') from sqlvariant_test_1;
 sql_variant_property 
----------------------
 16
 10
 15
 12
 53
 24
 4
 5
 19
 19
 10
 5
 3
 1
 5
 1
 1
 1
 0
(19 rows)

select sql_variant_property(v, 'scale') from sqlvariant_test_1;
 sql_variant_property 
----------------------
 0
 0
 6
 3
 0
 0
 2
 1
 4
 0
 0
 0
 0
 1
 5
 1
 1
 1
 0
(19 rows)

select sql_variant_property(v, 'collation') from sqlvariant_test_1;
 sql_variant_property 
----------------------
 
 
 
 
 
 
 
 
 
 
 
 
 
 
 
 
 
 
 
(19 rows)

select sql_variant_property(v, 'totalbytes') from sqlvariant_test_1;
 sql_variant_property 
----------------------
 21
 17
 21
 21
 21
 17
 25
 25
 21
 21
 17
 15
 14
 18
 14
 14
 14
 14
 14
(19 rows)

select sql_variant_property(v, 'maxlength') from sqlvariant_test_1;
 sql_variant_property 
----------------------
 8
 4
 8
 8
 8
 4
 65535
 65535
 8
 8
 4
 4
 2
 1
 65535
 65535
 65535
 65535
 65535
(19 rows)

drop table sqlvariant_test_1;
CREATE table sqlvariant_test_2 ( a sql_variant);
insert into sqlvariant_test_2 values (null);
select sql_variant_property(a, 'basetype') as 'basetype',
       sql_variant_property(a, 'precision') as 'precision',
       sql_variant_property(a, 'scale') as 'scale',
       sql_variant_property(a, 'collation') as 'collation',
       sql_variant_property(a, 'totalbytes') as 'totalbytes',
       sql_variant_property(a, 'maxlength') as 'maxlength' from sqlvariant_test_2;
 basetype | precision | scale | collation | totalbytes | maxlength 
----------+-----------+-------+-----------+------------+-----------
          |           |       |           |            | 
(1 row)

drop table sqlvariant_test_2; 
create table test_type_table_column_name
(
   int1_col tinyint,
   int2_col smallint,
   int4_col integer,
   int8_col bigint,
   float4_col float4,
   float8_col float8,
   numeric_col decimal(20, 6),
   bit1_col bit(1),
   boolean_col boolean,
   char_col char(100),
   varchar_col varchar(100), 
   nvarchar_col nvarchar(10),
   varbinary_col varbinary(100),
   smalldatetime_col smalldatetime,
   date_col date,
   time_col time,
   text_col text
);
insert into test_type_table_column_name values (1, 1, 1, 1, 1, 1, 1, b'1', 1, 1, 1, 1, 1, '2025-10-10 10:10:10', '2025-10-10', '10:10:10', 'abc');
select 
    sql_variant_property(int1_col, 'BaseType'), 
	sql_variant_property(int2_col, 'BaseType'), 
	sql_variant_property(int4_col, 'BaseType'), 
	sql_variant_property(int8_col, 'BaseType'), 
	sql_variant_property(float4_col, 'BaseType'), 
	sql_variant_property(float8_col, 'BaseType'), 
	sql_variant_property(numeric_col, 'BaseType'), 
	sql_variant_property(bit1_col, 'BaseType'), 
	sql_variant_property(char_col, 'BaseType'), 
	sql_variant_property(varchar_col, 'BaseType'), 
	sql_variant_property(nvarchar_col, 'BaseType'),
    sql_variant_property(date_col, 'BaseType'),
   sql_variant_property(text_col, 'BaseType')
from test_type_table_column_name;
 sql_variant_property | sql_variant_property | sql_variant_property | sql_variant_property | sql_variant_property | sql_variant_property | sql_variant_property | sql_variant_property | sql_variant_property | sql_variant_property | sql_variant_property | sql_variant_property | sql_variant_property 
----------------------+----------------------+----------------------+----------------------+----------------------+----------------------+----------------------+----------------------+----------------------+----------------------+----------------------+----------------------+----------------------
 varchar              | varchar              | varchar              | varchar              | varchar              | varchar              | varchar              | bit                  | varchar              | varchar              | varchar              | varchar              | varchar
(1 row)

drop table test_type_table_column_name;
-- sys.patindex
SELECT PATINDEX('%abc%', 'xyzabc123'), PATINDEX('hello%', 'hello world'), PATINDEX('hello%', 'hi hello'), PATINDEX('%123', 'test123');  -- expect 4 1 0 5
 patindex | patindex | patindex | patindex 
----------+----------+----------+----------
        4 |        1 |        0 |        5
(1 row)

SELECT PATINDEX('%123', '123test'), PATINDEX('abc123', 'abc123'), PATINDEX('abc123', 'abc1234');   --expect  0 1 0
 patindex | patindex | patindex 
----------+----------+----------
        0 |        1 |        0
(1 row)

SELECT PATINDEX('%a_c%', 'xayc123'), PATINDEX('%a_c%', 'ac123'), PATINDEX('%a__c%', 'axyzc');  -- expect 2 0 0
 patindex | patindex | patindex 
----------+----------+----------
        2 |        0 |        0
(1 row)

SELECT PATINDEX('%[0-9]%', 'abc123'), PATINDEX('%[A-Z]%', 'abcDEF'), PATINDEX('%[abc]%', 'xyzc');  -- expect 4 1 4  -- to be fixed
 patindex | patindex | patindex 
----------+----------+----------
        4 |        4 |        4
(1 row)

SELECT PATINDEX('%[^0-9]%', '123abc'), PATINDEX('%[^a-z]%', 'abc123');  -- expect 4 4  -- to be fixed
 patindex | patindex 
----------+----------
        4 |        4
(1 row)

SELECT PATINDEX('%[a-z][0-9]%', 'testA5xyz'), PATINDEX('%[0-9][^0-9]%', '123abc');  -- expect 5 3  -- to be fixed
 patindex | patindex 
----------+----------
        0 |        3
(1 row)

SELECT PATINDEX('%.%', 'test.txt'), PATINDEX('%[.]%', 'test.txt'), PATINDEX('%#.%', 'test#.txt');   -- expect 5 5 5   -- to be fixed
 patindex | patindex | patindex 
----------+----------+----------
        5 |        5 |        6
(1 row)

SELECT PATINDEX('%[%', 'a[b]c'); -- expect 0  -- to be fixed
ERROR:  invalid regular expression: brackets [] not balanced
CONTEXT:  referenced column: substring
SQL function "substring" statement 1
PL/pgSQL function patindex(character varying,character varying) line 35 at assignment
SQL function "patindex" during inlining
referenced column: patindex
SELECT PATINDEX('%]%', 'a[b]c');  -- expect 4
 patindex 
----------
        4
(1 row)

SELECT PATINDEX('%*%', 'test*123'); -- expect 5  -- to be fixed
ERROR:  invalid regular expression: quantifier operand invalid
CONTEXT:  referenced column: substring
SQL function "substring" statement 1
PL/pgSQL function patindex(character varying,character varying) line 35 at assignment
SQL function "patindex" during inlining
referenced column: patindex
SELECT PATINDEX('%#*%', 'test#*123');  -- expect 5  -- to be fixed
 patindex 
----------
        6
(1 row)

SELECT PATINDEX('%abc%', NULL);  -- expect error
ERROR:  pattern cannot be null.
CONTEXT:  SQL function "patindex" during inlining
referenced column: patindex
SELECT PATINDEX(NULL, 'abc123');   -- expect NULL
 patindex 
----------
         
(1 row)

SELECT PATINDEX('%a%', ''), PATINDEX('', ''), PATINDEX('', 'a');     -- expect 0  1 0  -- to be fixed
 patindex | patindex | patindex 
----------+----------+----------
        0 |        0 |        0
(1 row)

SELECT PATINDEX('%测试%', 'SQL Server 测试案例'), PATINDEX('%[测]%', 'SQL Server 测试案例');  -- expect 12 12
 patindex | patindex 
----------+----------
       12 |       12
(1 row)

SELECT PATINDEX('%@%', 'user@example.com'), PATINDEX('%￥%', '价格：￥99');   -- expect 5 4 
 patindex | patindex 
----------+----------
        5 |        4
(1 row)

SELECT PATINDEX('%a b%', 'x a b y'), PATINDEX('%a_b%', 'x a b y');  -- expect 3 3
 patindex | patindex 
----------+----------
        3 |        3
(1 row)

-- different data type
create table test_type_table_column_name
(
   int1_col tinyint,
   int2_col smallint,
   int4_col integer,
   int8_col bigint,
   float4_col float4,
   float8_col float8,
   numeric_col decimal(20, 6),
   bit1_col bit(1),
   datetime_col timestamp without time zone,
   smalldatetime_col smalldatetime,
   date_col date,
   time_col time,
   boolean_col boolean,
   char_col char(100),
   varchar_col varchar(100), 
   nvarchar_col nvarchar(10),
   varbinary_col varbinary(100),
   text_col text
);
insert into test_type_table_column_name values (20, 2025, 2025, 2025, 2025, 2025, 2025, b'1', '2025-10-10 10:10:10', '2025-10-10 10:10:10', '2025-10-10', '10:10:10', 1, '2025-10-10', '2025-10-10', '2025-10-10', '2025-10-10', '2025-10-10');
SELECT PATINDEX(int1_col, 'x a b y')  from test_type_table_column_name;
 patindex 
----------
        0
(1 row)

SELECT PATINDEX(int2_col, 'x a b y')  from test_type_table_column_name;
 patindex 
----------
        0
(1 row)

SELECT PATINDEX(int4_col, 'x a b y')  from test_type_table_column_name;
 patindex 
----------
        0
(1 row)

SELECT PATINDEX(int8_col, 'x a b y')  from test_type_table_column_name;
 patindex 
----------
        0
(1 row)

SELECT PATINDEX(float4_col, 'x a b y')  from test_type_table_column_name;
 patindex 
----------
        0
(1 row)

SELECT PATINDEX(float8_col, 'x a b y')  from test_type_table_column_name;
 patindex 
----------
        0
(1 row)

SELECT PATINDEX(numeric_col, 'x a b y')  from test_type_table_column_name;
 patindex 
----------
        0
(1 row)

SELECT PATINDEX(bit1_col, 'x a b y')  from test_type_table_column_name;
 patindex 
----------
        0
(1 row)

SELECT PATINDEX(datetime_col, 'x a b y')  from test_type_table_column_name;
 patindex 
----------
        0
(1 row)

SELECT PATINDEX(smalldatetime_col, 'x a b y')  from test_type_table_column_name;
 patindex 
----------
        0
(1 row)

SELECT PATINDEX(date_col, 'x a b y')  from test_type_table_column_name;
 patindex 
----------
        0
(1 row)

SELECT PATINDEX(time_col, 'x a b y')  from test_type_table_column_name;
 patindex 
----------
        0
(1 row)

SELECT PATINDEX(boolean_col, 'x a b y')  from test_type_table_column_name;
ERROR:  function patindex(boolean, unknown) does not exist
LINE 1: SELECT PATINDEX(boolean_col, 'x a b y')  from test_type_tabl...
               ^
HINT:  No function matches the given name and argument types. You might need to add explicit type casts.
CONTEXT:  referenced column: patindex
SELECT PATINDEX(char_col, 'x a b y')  from test_type_table_column_name;
 patindex 
----------
        0
(1 row)

SELECT PATINDEX(varchar_col, 'x a b y')  from test_type_table_column_name;
 patindex 
----------
        0
(1 row)

SELECT PATINDEX(nvarchar_col, 'x a b y')  from test_type_table_column_name;
 patindex 
----------
        0
(1 row)

SELECT PATINDEX(varbinary_col, 'x a b y')  from test_type_table_column_name;
 patindex 
----------
        0
(1 row)

SELECT PATINDEX(text_col, 'x a b y')  from test_type_table_column_name;
 patindex 
----------
        0
(1 row)

SELECT PATINDEX('x a b y', int1_col)  from test_type_table_column_name;
 patindex 
----------
        0
(1 row)

SELECT PATINDEX('x a b y', int2_col)  from test_type_table_column_name;
 patindex 
----------
        0
(1 row)

SELECT PATINDEX('x a b y', int4_col)  from test_type_table_column_name;
 patindex 
----------
        0
(1 row)

SELECT PATINDEX('x a b y', int8_col)  from test_type_table_column_name;
 patindex 
----------
        0
(1 row)

SELECT PATINDEX('x a b y', float4_col)  from test_type_table_column_name;
 patindex 
----------
        0
(1 row)

SELECT PATINDEX('x a b y', float8_col)  from test_type_table_column_name;
 patindex 
----------
        0
(1 row)

SELECT PATINDEX('x a b y', numeric_col)  from test_type_table_column_name;
 patindex 
----------
        0
(1 row)

SELECT PATINDEX('x a b y', bit1_col)  from test_type_table_column_name;
 patindex 
----------
        0
(1 row)

SELECT PATINDEX('x a b y', datetime_col)  from test_type_table_column_name;
 patindex 
----------
        0
(1 row)

SELECT PATINDEX('x a b y', smalldatetime_col)  from test_type_table_column_name;
 patindex 
----------
        0
(1 row)

SELECT PATINDEX('x a b y', date_col)  from test_type_table_column_name;
 patindex 
----------
        0
(1 row)

SELECT PATINDEX('x a b y', time_col)  from test_type_table_column_name;
 patindex 
----------
        0
(1 row)

SELECT PATINDEX('x a b y', boolean_col)  from test_type_table_column_name;
ERROR:  function patindex(unknown, boolean) does not exist
LINE 1: SELECT PATINDEX('x a b y', boolean_col)  from test_type_tabl...
               ^
HINT:  No function matches the given name and argument types. You might need to add explicit type casts.
CONTEXT:  referenced column: patindex
SELECT PATINDEX('x a b y', char_col)  from test_type_table_column_name;
 patindex 
----------
        0
(1 row)

SELECT PATINDEX('x a b y', varchar_col)  from test_type_table_column_name;
 patindex 
----------
        0
(1 row)

SELECT PATINDEX('x a b y', nvarchar_col)  from test_type_table_column_name;
 patindex 
----------
        0
(1 row)

SELECT PATINDEX('x a b y', varbinary_col)  from test_type_table_column_name;
 patindex 
----------
        0
(1 row)

SELECT PATINDEX('x a b y', text_col)  from test_type_table_column_name;
 patindex 
----------
        0
(1 row)

drop table if exists test_type_table_column_name;
-- sys.stuff
SELECT STUFF('abcdefg', 2, 3, 'XYZ');       --expect: aXYZefg
  stuff  
---------
 aXYZefg
(1 row)

SELECT STUFF('abcdefg', 4, 0, 'INSERTED');  --expect: abcINSERTEDdefg
      stuff      
-----------------
 abcINSERTEDdefg
(1 row)

SELECT STUFF('abcdefg', 3, 2, '');          --expect: abefg
 stuff 
-------
 abefg
(1 row)

SELECT STUFF('abcdefg', 2, 1, 'XXXX');      --expect: aXXXXcdefg
   stuff    
------------
 aXXXXcdefg
(1 row)

SELECT STUFF('abcdefg', 2, 4, 'XX');        --expect: aXXfg
 stuff 
-------
 aXXfg
(1 row)

SELECT STUFF('abcdefg', 1, 3, '123');       --expect: 123defg
  stuff  
---------
 123defg
(1 row)

SELECT STUFF('abcdefg', 5, 10, 'END');      --expect: abcdEND
  stuff  
---------
 abcdEND
(1 row)

SELECT STUFF('abcdefg', 7, 1, 'Z');         --expect: abcdefZ
  stuff  
---------
 abcdefZ
(1 row)

SELECT STUFF('abcdefg', 8, 1, 'Z');         --expect: NULL
 stuff 
-------
 
(1 row)

SELECT STUFF('abcdefg', 1, 0, 'PRE-');      --expect: PRE-abcdefg
    stuff    
-------------
 PRE-abcdefg
(1 row)

SELECT STUFF('', 1, 0, 'Hello');            --expect: NULL
 stuff 
-------
 
(1 row)

SELECT STUFF('abcdefg', 2, 3, '');          --expect: aefg
 stuff 
-------
 aefg
(1 row)

SELECT STUFF('abcdefg', 0, 1, 'X');         --expect: NULL
 stuff 
-------
 
(1 row)

SELECT STUFF('abcdefg', -1, 1, 'X');        --expect: NULL 
 stuff 
-------
 
(1 row)

SELECT STUFF('abcdefg', 2, -1, 'X');        --expect: NULL
 stuff 
-------
 
(1 row)

SELECT STUFF(NULL, 2, 3, 'XYZ');            --expect: NULL
 stuff 
-------
 
(1 row)

SELECT STUFF('abcdefg', 2, 3, NULL);        --expect: aefg
 stuff 
-------
 
(1 row)

SELECT STUFF(CAST('Old Text' AS TEXT), 5, 1, 'X');  --expect: Old TXext
  stuff   
----------
 Old Xext
(1 row)

SELECT STUFF(N'abcdefg', 3, 2, N'你好');            --expect: ab你好efg
   stuff   
-----------
 ab你好efg
(1 row)

SELECT LEN(STUFF(REPLICATE('A', 9000), 4000, 1000, REPLICATE('B', 500)));  --expect: 8500
 len  
------
 8500
(1 row)

-- diff input type
create table test_type_table_column_name
(
   int1_col tinyint,
   int2_col smallint,
   int4_col integer,
   int8_col bigint,
   float4_col float4,
   float8_col float8,
   numeric_col decimal(20, 6),
   bit1_col bit(1),
   datetime_col timestamp without time zone,
   smalldatetime_col smalldatetime,
   date_col date,
   time_col time,
   boolean_col boolean,
   char_col char(100),
   varchar_col varchar(100), 
   nvarchar_col nvarchar(10),
   varbinary_col varbinary(100),
   text_col text
);
insert into test_type_table_column_name values (20, 2025, 2025, 2025, 2025, 2025, 2025, b'1', '2025-10-10 10:10:10', '2025-10-10 10:10:10', '2025-10-10', '10:10:10', 1, '2025-10-10', '2025-10-10', '2025-10-10', '2025-10-10', '2025-10-10');
SELECT STUFF(int1_col, 2, 3, 'XYZ') from test_type_table_column_name;     
 stuff 
-------
 2XYZ
(1 row)

SELECT STUFF(int2_col, 2, 3, 'XYZ') from test_type_table_column_name;     
 stuff 
-------
 2XYZ
(1 row)

SELECT STUFF(int4_col, 2, 3, 'XYZ') from test_type_table_column_name;     
 stuff 
-------
 2XYZ
(1 row)

SELECT STUFF(int8_col, 2, 3, 'XYZ') from test_type_table_column_name;     
 stuff 
-------
 2XYZ
(1 row)

SELECT STUFF(float4_col, 2, 3, 'XYZ') from test_type_table_column_name;   
 stuff 
-------
 2XYZ
(1 row)

SELECT STUFF(float8_col, 2, 3, 'XYZ') from test_type_table_column_name;   
 stuff 
-------
 2XYZ
(1 row)

SELECT STUFF(numeric_col, 2, 3, 'XYZ') from test_type_table_column_name;  
    stuff    
-------------
 2XYZ.000000
(1 row)

SELECT STUFF(bit1_col, 2, 3, 'XYZ') from test_type_table_column_name;     
 stuff 
-------
 
(1 row)

SELECT STUFF(datetime_col, 2, 3, 'XYZ') from test_type_table_column_name; 
          stuff           
--------------------------
 FXYZOct 10 10:10:10 2025
(1 row)

SELECT STUFF(smalldatetime_col, 2, 3, 'XYZ') from test_type_table_column_name;     
          stuff           
--------------------------
 FXYZOct 10 10:10:00 2025
(1 row)

SELECT STUFF(date_col, 2, 3, 'XYZ') from test_type_table_column_name;       
   stuff    
------------
 1XYZ0-2025
(1 row)

SELECT STUFF(time_col, 2, 3, 'XYZ') from test_type_table_column_name;        
  stuff   
----------
 1XYZ0:10
(1 row)

SELECT STUFF(char_col, 2, 3, 'XYZ') from test_type_table_column_name;       
   stuff    
------------
 2XYZ-10-10
(1 row)

SELECT STUFF(varchar_col, 2, 3, 'XYZ') from test_type_table_column_name;    
   stuff    
------------
 2XYZ-10-10
(1 row)

SELECT STUFF(nvarchar_col, 2, 3, 'XYZ') from test_type_table_column_name;   
   stuff    
------------
 2XYZ-10-10
(1 row)

SELECT STUFF(varbinary_col, 2, 3, 'XYZ') from test_type_table_column_name;  
         stuff          
------------------------
 0x3258595a2d31302d3130
(1 row)

SELECT STUFF(text_col, 2, 3, 'XYZ') from test_type_table_column_name;       
   stuff    
------------
 2XYZ-10-10
(1 row)

SELECT STUFF('XYZ', 2, 3, int1_col) from test_type_table_column_name;       
 stuff 
-------
 X20
(1 row)

SELECT STUFF('XYZ', 2, 3, int2_col) from test_type_table_column_name;       
 stuff 
-------
 X2025
(1 row)

SELECT STUFF('XYZ', 2, 3, int4_col) from test_type_table_column_name;       
 stuff 
-------
 X2025
(1 row)

SELECT STUFF('XYZ', 2, 3, int8_col) from test_type_table_column_name;       
 stuff 
-------
 X2025
(1 row)

SELECT STUFF('XYZ', 2, 3, float4_col) from test_type_table_column_name;     
 stuff 
-------
 X2025
(1 row)

SELECT STUFF('XYZ', 2, 3, float8_col) from test_type_table_column_name;     
 stuff 
-------
 X2025
(1 row)

SELECT STUFF('XYZ', 2, 3, numeric_col) from test_type_table_column_name;    
    stuff     
--------------
 X2025.000000
(1 row)

SELECT STUFF('XYZ', 2, 3, bit1_col) from test_type_table_column_name;       
 stuff 
-------
 X1
(1 row)

SELECT STUFF('XYZ', 2, 3, datetime_col) from test_type_table_column_name;   
           stuff           
---------------------------
 XFri Oct 10 10:10:10 2025
(1 row)

SELECT STUFF('XYZ', 2, 3, smalldatetime_col) from test_type_table_column_name;
           stuff           
---------------------------
 XFri Oct 10 10:10:00 2025
(1 row)

SELECT STUFF('XYZ', 2, 3, date_col) from test_type_table_column_name;       
    stuff    
-------------
 X10-10-2025
(1 row)

SELECT STUFF('XYZ', 2, 3, time_col) from test_type_table_column_name;       
   stuff   
-----------
 X10:10:10
(1 row)

SELECT STUFF('XYZ', 2, 3, char_col) from test_type_table_column_name;       
    stuff    
-------------
 X2025-10-10
(1 row)

SELECT STUFF('XYZ', 2, 3, varchar_col) from test_type_table_column_name;    
    stuff    
-------------
 X2025-10-10
(1 row)

SELECT STUFF('XYZ', 2, 3, nvarchar_col) from test_type_table_column_name;   
    stuff    
-------------
 X2025-10-10
(1 row)

SELECT STUFF('XYZ', 2, 3, varbinary_col) from test_type_table_column_name;  
    stuff    
-------------
 X2025-10-10
(1 row)

SELECT STUFF('XYZ', 2, 3, text_col) from test_type_table_column_name;       
    stuff    
-------------
 X2025-10-10
(1 row)

drop table if exists test_type_table_column_name;
-- sys.str
SELECT STR(123.45, 6, 1);            --expect:  123.5
  str   
--------
  123.5
(1 row)

SELECT STR(123.45, 2, 2);            --expect:  **
 str 
-----
 **
(1 row)

SELECT STR (FLOOR (123.45), 8, 3);   --expect:  123.000
   str    
----------
  123.000
(1 row)

SELECT STR(123);                     --expect:  123
    str     
------------
        123
(1 row)

SELECT STR(123.45);                  --expect:  123
    str     
------------
        123
(1 row)

SELECT STR(123.456, 6, 2);           --expect:  123.46
  str   
--------
 123.46
(1 row)

SELECT STR(123, 3);                  --expect:  123
 str 
-----
 123
(1 row)

SELECT STR(12345, 3);                --expect:  ***
 str 
-----
 ***
(1 row)

SELECT STR(123.999, 5, 0);           --expect:  124
  str  
-------
   124
(1 row)

SELECT STR(-123.45, 7, 2);           --expect:  -123.45
   str   
---------
 -123.45
(1 row)

SELECT STR('ABC');                   --expect:  error
ERROR:  invalid input syntax for type numeric: "ABC"
CONTEXT:  SQL function "str" during inlining
referenced column: str
SELECT STR('123.45', 7, 2);          --expect:  123.45
   str   
---------
  123.45
(1 row)

select str('99999999999999999999999999999999999999999999999999999999999999999999999999999999999999999999999999999999999999999999',64,32);
                               str                                
------------------------------------------------------------------
 ****************************************************************
(1 row)

-- diff input type
create table test_type_table_column_name
(
   int1_col tinyint,
   int2_col smallint,
   int4_col integer,
   int8_col bigint,
   float4_col float4,
   float8_col float8,
   numeric_col decimal(20, 6),
   bit1_col bit(1),
   datetime_col timestamp without time zone,
   smalldatetime_col smalldatetime,
   date_col date,
   time_col time,
   boolean_col boolean,
   char_col char(100),
   varchar_col varchar(100), 
   nvarchar_col nvarchar(10),
   varbinary_col varbinary(100),
   text_col text
);
insert into test_type_table_column_name values (20, 2025, 2025, 2025, 2025, 2025, 2025, b'1', '2025-10-10 10:10:10', '2025-10-10 10:10:10', '2025-10-10', '10:10:10', 1, '2025', '2025', '2025', '2025', '2025');
SELECT STR(int1_col) from test_type_table_column_name;
    str     
------------
         20
(1 row)

SELECT STR(int2_col) from test_type_table_column_name;
    str     
------------
       2025
(1 row)

SELECT STR(int4_col) from test_type_table_column_name;
    str     
------------
       2025
(1 row)

SELECT STR(int8_col) from test_type_table_column_name;
    str     
------------
       2025
(1 row)

SELECT STR(float4_col) from test_type_table_column_name;
    str     
------------
       2025
(1 row)

SELECT STR(float8_col) from test_type_table_column_name;
    str     
------------
       2025
(1 row)

SELECT STR(bit1_col) from test_type_table_column_name;
    str     
------------
          1
(1 row)

SELECT STR(char_col) from test_type_table_column_name;
    str     
------------
       2025
(1 row)

SELECT STR(varchar_col) from test_type_table_column_name;
    str     
------------
       2025
(1 row)

SELECT STR(nvarchar_col) from test_type_table_column_name;
    str     
------------
       2025
(1 row)

SELECT STR(text_col) from test_type_table_column_name;
    str     
------------
       2025
(1 row)

SELECT STR(int1_col, 6, 2) from test_type_table_column_name;
  str   
--------
  20.00
(1 row)

SELECT STR(int2_col, 6, 2) from test_type_table_column_name;
  str   
--------
 2025.0
(1 row)

SELECT STR(int4_col, 6, 2) from test_type_table_column_name;
  str   
--------
 2025.0
(1 row)

SELECT STR(int8_col, 6, 2) from test_type_table_column_name;
  str   
--------
 2025.0
(1 row)

SELECT STR(float4_col, 6, 2) from test_type_table_column_name;
  str   
--------
 2025.0
(1 row)

SELECT STR(float8_col, 6, 2) from test_type_table_column_name;
  str   
--------
 2025.0
(1 row)

SELECT STR(bit1_col, 6, 2) from test_type_table_column_name;
  str   
--------
   1.00
(1 row)

SELECT STR(char_col, 6, 2) from test_type_table_column_name;
  str   
--------
 2025.0
(1 row)

SELECT STR(varchar_col, 6, 2) from test_type_table_column_name;
  str   
--------
 2025.0
(1 row)

SELECT STR(nvarchar_col, 6, 2) from test_type_table_column_name;
  str   
--------
 2025.0
(1 row)

SELECT STR(text_col, 6, 2) from test_type_table_column_name;
  str   
--------
 2025.0
(1 row)

drop table if exists test_type_table_column_name;
-- sys.replicate
SELECT REPLICATE('A', 3);                           -- expect: AAA
 replicate 
-----------
 AAA
(1 row)

SELECT REPLICATE('abc', 2);                         -- expect: abcabc
 replicate 
-----------
 abcabc
(1 row)

SELECT REPLICATE('123', 4);                         -- expect: 123123123123
  replicate   
--------------
 123123123123
(1 row)

SELECT REPLICATE('abc', 1);                         -- expect: abc
 replicate 
-----------
 abc
(1 row)

SELECT REPLICATE('@', 5);                           -- expect: @@@@@
 replicate 
-----------
 @@@@@
(1 row)

SELECT REPLICATE('!#', 3);                          -- expect: !#!#!#
 replicate 
-----------
 !#!#!#
(1 row)

SELECT REPLICATE(' ', 4);                           -- expect:     
 replicate 
-----------
     
(1 row)

SELECT REPLICATE('', 5);                            -- expect: 
 replicate 
-----------
 
(1 row)

SELECT REPLICATE('test', 0);                        -- expect: 
 replicate 
-----------
 
(1 row)

SELECT LEN(REPLICATE('a', 8000));                   ---expect: 8000
 len  
------
 8000
(1 row)

SELECT LEN(REPLICATE('ab', 4000));                  ---expect: 8000
 len  
------
 8000
(1 row)

SELECT LEN(REPLICATE('abc', 2666));                 -- expect: 7998
 len  
------
 7998
(1 row)

SELECT REPLICATE('test', -1);                       -- expect: NULL
 replicate 
-----------
 
(1 row)

SELECT REPLICATE(NULL, 3);                          -- expect: NULL
 replicate 
-----------
 
(1 row)

SELECT REPLICATE('abc', NULL);                      -- expect: NULL
 replicate 
-----------
 
(1 row)

SELECT REPLICATE(NULL, NULL);                       -- expect: NULL
 replicate 
-----------
 
(1 row)

SELECT REPLICATE(123, 2);                           -- expect: 123123
 replicate 
-----------
 123123
(1 row)

SELECT REPLICATE(CAST('2025-10-10 10:10:10' AS VARCHAR), 2);    -- expect: 2025-10-10 10:10:102025-10-10 10:10:10
               replicate                
----------------------------------------
 2025-10-10 10:10:102025-10-10 10:10:10
(1 row)

SELECT REPLICATE(N'中', 3);                         -- expect: 中中中
 replicate 
-----------
 中中中
(1 row)

SELECT REPLICATE(N'国', 2);                         -- expect: 国国
 replicate 
-----------
 国国
(1 row)

SELECT LEN(REPLICATE(N'a', 4000));                  -- expect: 4000
 len  
------
 4000
(1 row)

SELECT LEN(REPLICATE('a', 8001));                   -- expect: 8000
 len  
------
 8001
(1 row)

SELECT LEN(REPLICATE(N'a', 4001));                  -- expect: 4000
 len  
------
 4001
(1 row)

select REPLICATE('a\t', 3);                         -- expect: a\ta\ta\t
 replicate 
-----------
 a\ta\ta\t
(1 row)

select REPLICATE('a\\t', 3);                        -- expect: a\\ta\\ta\\t
  replicate   
--------------
 a\\ta\\ta\\t
(1 row)

select REPLICATE('a\n', 3);                         -- expect: a\na\na\n
 replicate 
-----------
 a\na\na\n
(1 row)

select REPLICATE('a\\n', 3);                        -- expect: a\\na\\na\\n
  replicate   
--------------
 a\\na\\na\\n
(1 row)

create table test_type_table_column_name
(
   int1_col tinyint,
   int2_col smallint,
   int4_col integer,
   int8_col bigint,
   float4_col float4,
   float8_col float8,
   numeric_col decimal(20, 6),
   bit1_col bit(1),
   datetime_col timestamp without time zone,
   smalldatetime_col smalldatetime,
   date_col date,
   time_col time,
   boolean_col boolean,
   char_col char(100),
   varchar_col varchar(100), 
   nvarchar_col nvarchar(10),
   varbinary_col varbinary(100),
   text_col text
);
insert into test_type_table_column_name values (20, 2025, 2025, 2025, 2025, 2025, 2025, b'1', '2025-10-10 10:10:10', '2025-10-10 10:10:10', '2025-10-10', '10:10:10', 1, '10', '10', '10', '10', '10');
SELECT 
    REPLICATE(int1_col, 2),
	REPLICATE(int2_col, 2),
	REPLICATE(int4_col, 2),
	REPLICATE(int8_col, 2),
	REPLICATE(float4_col, 2),
	REPLICATE(float8_col, 2),
	REPLICATE(numeric_col, 2),
	REPLICATE(bit1_col, 2),
	REPLICATE(datetime_col, 2),
	REPLICATE(smalldatetime_col, 2),
	REPLICATE(date_col, 2),
	REPLICATE(time_col, 2),
	REPLICATE(char_col, 2),
	REPLICATE(varchar_col, 2),
	REPLICATE(nvarchar_col, 2),
	REPLICATE(text_col, 2)
from test_type_table_column_name;
 replicate | replicate | replicate | replicate | replicate | replicate |       replicate        | replicate |                    replicate                     |                    replicate                     |      replicate       |    replicate     | replicate | replicate | replicate | replicate 
-----------+-----------+-----------+-----------+-----------+-----------+------------------------+-----------+--------------------------------------------------+--------------------------------------------------+----------------------+------------------+-----------+-----------+-----------+-----------
 2020      | 20252025  | 20252025  | 20252025  | 20252025  | 20252025  | 2025.0000002025.000000 | 11        | Fri Oct 10 10:10:10 2025Fri Oct 10 10:10:10 2025 | Fri Oct 10 10:10:00 2025Fri Oct 10 10:10:00 2025 | 10-10-202510-10-2025 | 10:10:1010:10:10 | 1010      | 1010      | 1010      | 1010
(1 row)

SELECT 
    LEN(REPLICATE('amaoagou', int1_col)),
	LEN(REPLICATE('amaoagou', int2_col)),
	LEN(REPLICATE('amaoagou', int4_col)),
	LEN(REPLICATE('amaoagou', int8_col)),
	LEN(REPLICATE('amaoagou', float4_col)),
	LEN(REPLICATE('amaoagou', float8_col)),
	LEN(REPLICATE('amaoagou', numeric_col)),
	LEN(REPLICATE('amaoagou', bit1_col)),
	LEN(REPLICATE('amaoagou', char_col)),
	LEN(REPLICATE('amaoagou', varchar_col)),
	LEN(REPLICATE('amaoagou', nvarchar_col)),
	LEN(REPLICATE('amaoagou', text_col))
from test_type_table_column_name;
 len |  len  |  len  |  len  |  len  |  len  |  len  | len | len | len | len | len 
-----+-------+-------+-------+-------+-------+-------+-----+-----+-----+-----+-----
 160 | 16200 | 16200 | 16200 | 16200 | 16200 | 16200 |   8 |  80 |  80 |  80 |  80
(1 row)

drop table if exists test_type_table_column_name;
-- sys.STRING_SPLIT
SELECT value FROM STRING_SPLIT('Lorem ipsum dolor sit amet.', ' ');    -- 5 rows
 value 
-------
 Lorem
 ipsum
 dolor
 sit
 amet.
(5 rows)

SELECT value FROM STRING_SPLIT('clothing,road,,touring,bike', ',');    -- 5 rows
  value   
----------
 clothing
 road
 
 touring
 bike
(5 rows)

SELECT value FROM STRING_SPLIT('||||||||', '|');                       -- 9 rows
 value 
-------
 
 
 
 
 
 
 
 
 
(9 rows)

SELECT value FROM STRING_SPLIT(NULL, ' ');                             -- 0 rows
 value 
-------
(0 rows)

SELECT value FROM STRING_SPLIT('asdf', '');                            -- error
ERROR:  Invalid separator: 
HINT:  Separator must be length 1
SELECT value FROM STRING_SPLIT('asdf', NULL);                          -- error
ERROR:  Invalid separator: <NULL>
HINT:  Separator must be length 1
SELECT value FROM STRING_SPLIT(NULL, NULL);                            -- error
ERROR:  Invalid separator: <NULL>
HINT:  Separator must be length 1
SELECT value FROM STRING_SPLIT(CAST('nvarchar nvarchar nvarchar' as nvarchar(100)), CAST(' ' as nvarchar(100)));    -- 3 rows
  value   
----------
 nvarchar
 nvarchar
 nvarchar
(3 rows)

SELECT value FROM STRING_SPLIT(CAST('varchar varchar varchar' as varchar), CAST(' ' as varchar));         -- 3 rows
  value  
---------
 varchar
 varchar
 varchar
(3 rows)

SELECT value FROM STRING_SPLIT('char char char', ' ');         -- 3 rows
 value 
-------
 char
 char
 char
(3 rows)

SELECT value FROM STRING_SPLIT('a,b,c,d', ',');                -- 4 rows
 value 
-------
 a
 b
 c
 d
(4 rows)

SELECT value FROM STRING_SPLIT('mississippi island lives in igloo', 'i');   -- 9 rows
  value  
---------
 m
 ss
 ss
 pp
  
 sland l
 ves 
 n 
 gloo
(9 rows)

SELECT value FROM STRING_SPLIT(CAST('asdf' as nchar(4)), ' ');              -- 1 rows
 value 
-------
 asdf
(1 row)

SELECT value FROM STRING_SPLIT(CAST('asdf' as char(4)), ' ');               -- 1 rows
 value 
-------
 asdf
(1 row)

SELECT value FROM STRING_SPLIT('Lorem ipsum', 'too many chars');            -- error
ERROR:  Invalid separator: too many chars
HINT:  Separator must be length 1
SELECT value FROM STRING_SPLIT('Lorem ipsum dolor sit amet.', ' ');         -- 5 rows
 value 
-------
 Lorem
 ipsum
 dolor
 sit
 amet.
(5 rows)

SELECT mycol FROM STRING_SPLIT('Lorem ipsum dolor sit amet.', ' ');         -- error
ERROR:  column "mycol" does not exist
LINE 1: SELECT mycol FROM STRING_SPLIT('Lorem ipsum dolor sit amet.'...
               ^
CONTEXT:  referenced column: mycol
SELECT value FROM STRING_SPLIT('red;green;blue', ';');                      -- 3 rows
 value 
-------
 red
 green
 blue
(3 rows)

SELECT value FROM STRING_SPLIT('Lorem ipsum dolor sit amet.'::char(100), ' ');
 value 
-------
 Lorem
 ipsum
 dolor
 sit
 amet.
(5 rows)

SELECT value FROM STRING_SPLIT('Lorem ipsum dolor sit amet.'::varchar(100), ' ');
 value 
-------
 Lorem
 ipsum
 dolor
 sit
 amet.
(5 rows)

SELECT value FROM STRING_SPLIT('Lorem ipsum dolor sit amet.'::nchar(100), ' ');
 value 
-------
 Lorem
 ipsum
 dolor
 sit
 amet.
(5 rows)

SELECT value FROM STRING_SPLIT('Lorem ipsum dolor sit amet.'::nvarchar(100), ' ');
 value 
-------
 Lorem
 ipsum
 dolor
 sit
 amet.
(5 rows)

SELECT value FROM STRING_SPLIT('Lorem ipsum dolor sit amet.'::text, ' ');
 value 
-------
 Lorem
 ipsum
 dolor
 sit
 amet.
(5 rows)

-- different input type
create table test_type_table_column_name
(
   int1_col tinyint,
   int2_col smallint,
   int4_col integer,
   int8_col bigint,
   float4_col float4,
   float8_col float8,
   numeric_col decimal(20, 6),
   bit1_col bit(1),
   datetime_col timestamp without time zone,
   smalldatetime_col smalldatetime,
   date_col date,
   time_col time,
   boolean_col boolean,
   char_col char(100),
   varchar_col varchar(100), 
   nvarchar_col nvarchar(10),
   varbinary_col varbinary(100),
   text_col text
);
insert into test_type_table_column_name values (20, 2025, 2025, 2025, 2025, 2025, 2025, b'1', '2025-10-10 10:10:10', '2025-10-10 10:10:10', '2025-10-10', '10:10:10', 1, '10', '10', '10', '10', '10');
SELECT 
    sys.columnproperty(int1_col, 'cp1', 'precision'),
	sys.columnproperty(int2_col, 'cp1', 'precision'),
	sys.columnproperty(int4_col, 'cp1', 'precision'),
	sys.columnproperty(int8_col, 'cp1', 'precision')
from test_type_table_column_name;
 columnproperty | columnproperty | columnproperty | columnproperty 
----------------+----------------+----------------+----------------
                |                |                |               
(1 row)

drop table test_type_table_column_name;
drop table t_column_property;
ERROR:  table "t_column_property" does not exist
drop table t_column_property2;
ERROR:  table "t_column_property2" does not exist
drop table t_column_property3;
ERROR:  table "t_column_property3" does not exist
-- sys.quotename
SELECT quotename('hardrada', ']');   --expect: [hardrada]
 quotename  
------------
 [hardrada]
(1 row)

SELECT quotename('gershwin', '<');   --expect: <gershwin>
 quotename  
------------
 <gershwin>
(1 row)

SELECT quotename('faulkner', '>');   --expect: <faulkner>
 quotename  
------------
 <faulkner>
(1 row)

SELECT quotename('edgerton', '(');   --expect：(edgerton)
 quotename  
------------
 (edgerton)
(1 row)

SELECT quotename('denali', ')');     --expect: (denali)
 quotename 
-----------
 (denali)
(1 row)

SELECT quotename('charisma', '{');   --expect: {charisma}
 quotename  
------------
 {charisma}
(1 row)

SELECT quotename('banana', '}');     --expect: {banana}
 quotename 
-----------
 {banana}
(1 row)

SELECT quotename('aardvark', '`');   --expect: `aardvark`
 quotename  
------------
 `aardvark`
(1 row)

SELECT quotename('128 characters exactly----------------------------------------------------------------------------------------------------------');   --expect [xxx]
                                                             quotename                                                              
------------------------------------------------------------------------------------------------------------------------------------
 [128 characters exactly----------------------------------------------------------------------------------------------------------]
(1 row)

SELECT quotename(']]]]]]]]]]]]]]]]]]]]]]]]]]]]]]]]]]]]]]]]]]]]]]]]]]]]]]]]]]]]]]]]]]]]]]]]]]]]]]]]]]]]]]]]]]]]]]]]]]]]]]]]]]]]]]]]]]]]]]]]]]]]]]]]');   --expect [xxx]
                                                                                                                             quotename                                                                                                                              
--------------------------------------------------------------------------------------------------------------------------------------------------------------------------------------------------------------------------------------------------------------------
 []]]]]]]]]]]]]]]]]]]]]]]]]]]]]]]]]]]]]]]]]]]]]]]]]]]]]]]]]]]]]]]]]]]]]]]]]]]]]]]]]]]]]]]]]]]]]]]]]]]]]]]]]]]]]]]]]]]]]]]]]]]]]]]]]]]]]]]]]]]]]]]]]]]]]]]]]]]]]]]]]]]]]]]]]]]]]]]]]]]]]]]]]]]]]]]]]]]]]]]]]]]]]]]]]]]]]]]]]]]]]]]]]]]]]]]]]]]]]]]]]]]]]]]]]]]]]]]]]
(1 row)

SELECT quotename('""""""""""""""""""""""""""""""""""""""""""""""""""""""""""""""""""""""""""""""""""""""""""""""""""""""""""""""""""""""""""""""""');   --expect [xxx]
                                                                                                                             quotename                                                                                                                              
--------------------------------------------------------------------------------------------------------------------------------------------------------------------------------------------------------------------------------------------------------------------
 [""""""""""""""""""""""""""""""""""""""""""""""""""""""""""""""""""""""""""""""""""""""""""""""""""""""""""""""""""""""""""""""""""""""""""""""""""""""""""""""""""""""""""""""""""""""""""""""""""""""""""""""""""""""""""""""""""""""""""""""""""""""""""""""""]
(1 row)

SELECT quotename('''''''''''''''''''''''''''''''''''''''''''''''''''''''''''''''''''''''''''''''''''''''''''''''''''''''''''''''''''''''''''''''''''''''''''''''''''''''''''''''''''''''''''''''''''''''''''''''''''''''''''''''''''''''''''''''''''''''''''''''''''''''''''''''''');   -- expect: [xx]
                                                                                                                             quotename                                                                                                                              
--------------------------------------------------------------------------------------------------------------------------------------------------------------------------------------------------------------------------------------------------------------------
 ['''''''''''''''''''''''''''''''''''''''''''''''''''''''''''''''''''''''''''''''''''''''''''''''''''''''''''''''''''''''''''''''''''''''''''''''''''''''''''''''''''''''''''''''''''''''''''''''''''''''''''''''''''''''''''''''''''''''''''''''''''''''''''''''']
(1 row)

SELECT quotename('');           --expect []
 quotename 
-----------
 []
(1 row)

SELECT quotename(CAST('abc' as varchar));    --expect: [abc]
 quotename 
-----------
 [abc]
(1 row)

SELECT quotename(CAST('abc' as nvarchar(20)));    --expect: [abc]
 quotename 
-----------
 [abc]
(1 row)

SELECT quotename(CAST('abc' as text));   --expect： [abc]
 quotename 
-----------
 [abc]
(1 row)

SELECT quotename('invalid char', 'F');   --expect：NULL
 quotename 
-----------
 
(1 row)

SELECT quotename('too long char', 'aa');  --expect： NULL
 quotename 
-----------
 
(1 row)

SELECT quotename('129 characters exactly-----------------------------------------------------------------------------------------------------------');  --expect: NULL
 quotename 
-----------
 
(1 row)

SELECT quotename('default should be bracket');   --expect: [default should be bracket]
          quotename          
-----------------------------
 [default should be bracket]
(1 row)

SELECT quotename('abc [] def');                  --expect：[abc []] def]
   quotename   
---------------
 [abc []] def]
(1 row)

 
SELECT quotename(NULL);                          --expect: NULL
 quotename 
-----------
 
(1 row)

SELECT quotename(NULL, NULL);                    --expect: NULL
 quotename 
-----------
 
(1 row)

SELECT quotename('hey', NULL);                   --expect: NULL
 quotename 
-----------
 
(1 row)

SELECT quotename(NULL, '[');                     --expect: NULL
 quotename 
-----------
 
(1 row)

-- diff input type
CREATE TABLE test_quotename_table (
    bigint_type bigint,
    int_type int,
    smallint_type smallint,
    tinyint_type tinyint,
    bit_type bit,
    decimal_type decimal(5,2),
    numeric_type numeric(10,5),
    float_type float,
    real_type real,
    money_type money,
    float8_type float8,
    boolean_col boolean,
    char_col char(100),
    varchar_col varchar(100), 
    nvarchar_col nvarchar(10),
    varbinary_col varbinary(100),
    text_col text
);
INSERT INTO test_quotename_table VALUES (
    9223372036854775806,
    45000,
    -32767,
    100,
    b'1',
    123,
    12345.12,
    1.79E+30,
    -3.40E+38, 
    237891.22,
    77.58,
	1,  -- bool
	'1',
	'1',
	'1',
	'1',
	'1'
);
SELECT quotename(bigint_type) FROM test_quotename_table;     
       quotename       
-----------------------
 [9223372036854775806]
(1 row)

SELECT quotename(int_type) FROM test_quotename_table;        
 quotename 
-----------
 [45000]
(1 row)

SELECT quotename(smallint_type) FROM test_quotename_table;   
 quotename 
-----------
 [-32767]
(1 row)

SELECT quotename(tinyint_type) FROM test_quotename_table;    
 quotename 
-----------
 [100]
(1 row)

SELECT quotename(bit_type) FROM test_quotename_table;        
 quotename 
-----------
 [1]
(1 row)

SELECT quotename(decimal_type) FROM test_quotename_table;    
 quotename 
-----------
 [123.00]
(1 row)

SELECT quotename(numeric_type) FROM test_quotename_table;    
   quotename   
---------------
 [12345.12000]
(1 row)

SELECT quotename(float_type) FROM test_quotename_table;      
 quotename  
------------
 [1.79e+30]
(1 row)

SELECT quotename(real_type) FROM test_quotename_table;           
 quotename  
------------
 [-3.4e+38]
(1 row)

SELECT quotename(float8_type) FROM test_quotename_table;       
 quotename 
-----------
 [77.58]
(1 row)

SELECT quotename(char_col) FROM test_quotename_table;        
 quotename 
-----------
 [1]
(1 row)

SELECT quotename(varchar_col) FROM test_quotename_table;     
 quotename 
-----------
 [1]
(1 row)

SELECT quotename(nvarchar_col) FROM test_quotename_table;    
 quotename 
-----------
 [1]
(1 row)

SELECT quotename(varbinary_col) FROM test_quotename_table;   
 quotename 
-----------
 [1]
(1 row)

SELECT quotename(text_col) FROM test_quotename_table;        
 quotename 
-----------
 [1]
(1 row)

drop table test_quotename_table;
-- sys.trim
SELECT TRIM('   test   ');       -- test
 btrim 
-------
 test
(1 row)

SELECT TRIM('   test   ');       -- test
 btrim 
-------
 test
(1 row)

SELECT TRIM('   ');              -- ''
 btrim 
-------
 
(1 row)

SELECT TRIM(NULL);               -- null
 btrim 
-------
 
(1 row)

SELECT TRIM('test');             -- test
 btrim 
-------
 test
(1 row)

SELECT TRIM('   测试   ');       -- 测试
 btrim 
-------
 测试
(1 row)

SELECT LTRIM('   测试abc');      -- 测试abc
  ltrim  
---------
 测试abc
(1 row)

SELECT TRIM( '.,! ' FROM '     #     test    .');    --#     test
   btrim    
------------
 #     test
(1 row)

SELECT TRIM(LEADING '.,! ' FROM  '     .#     test    .');
      ltrim      
-----------------
 #     test    .
(1 row)

SELECT TRIM(TRAILING '.,! ' FROM '     .#     test    .');
      rtrim       
------------------
      .#     test
(1 row)

SELECT TRIM(BOTH '123' FROM '123abc123');
 btrim 
-------
 abc
(1 row)

CREATE TABLE test_quotename_table (
    bigint_type bigint,
    int_type int,
    smallint_type smallint,
    tinyint_type tinyint,
    bit_type bit,
    decimal_type decimal(5,2),
    numeric_type numeric(10,5),
    float_type float,
    real_type real,
    money_type money,
    float8_type float8,
    boolean_col boolean,
    char_col char(100),
    varchar_col varchar(100), 
    nvarchar_col nvarchar(10),
    varbinary_col varbinary(100),
    text_col text
);
INSERT INTO test_quotename_table VALUES (
    9223372036854775806,
    45000,
    -32767,
    100,
    b'1',
    123,
    12345.12,
    1.79E+30,
    -3.40E+38, 
    237891.22,
    77.58,
	1,  -- bool
	'1',
	'1',
	'1',
	'1',
	'1'
);
SELECT TRIM(char_col), TRIM(varchar_col), TRIM(nvarchar_col), TRIM(varbinary_col), TRIM(text_col)  from test_quotename_table;
 btrim | btrim | btrim | btrim | btrim 
-------+-------+-------+-------+-------
 1     | 1     | 1     | 1     | 1
(1 row)

drop table test_quotename_table;
reset current_schema;
drop schema sharksysfunc cascade;
